"HolderAddress","Balance","PendingBalanceUpdate"
"0xcc915ecd15b892c8e4ab919fe985a9ef31d3370c","22033169679588.5","No"
"0x000000000000000000000000000000000000dead","553927809868225","No"
"0x781075632af12111ca0955e03184631db525c3f4","12116428948734.8","No"
"0x8c08ffaa24a87b2ce43eef713dc2cee51461df6e","12699007692894","No"
"0xc549117c90b957b5537fef4148ce3ca117ceb3c8","12833207167257.3","No"
"0xf2edf57cbfbe611011fee3cef3a81c070a07157d","12968449372879.6","No"
"0xa76b45ce3b52fc8f181caab00a244cf443bf7b80","12871298356211.5","No"
"0x35eb6760c60e345c7144d3409bc620003a62ce3d","12731530846466.1","No"
"0x0b55f7037c85796ad28ba59138515adaf7a28701","16445076541246.8","No"
"0x0df82d7bd8d15c84727c13b60cc78a46f83933d7","19784851542465.9","No"
"0x4990a05d92de5b16ea9ee4a2a34d400be2d9e5da","10465040490393","No"
"0xe070436ee99592037faf506401cfed8fa3172a25","12880575674972.7","No"
"0xc466795ab2e22c9b551726371aa1c781aa6edbca","8471635276133.25","No"
"0x2d579bf7dd5bd33dbdfb7973159960cc4ef0ce55","15187211247362.2","No"
"0x6e0d9bca000f659c2efa7b086c4d39eedca10669","14330305580924.8","No"
"0x98e7c0535946848c11dae3b12fbbdbf74cf05782","13057300454483.6","No"
"0x26b83ebfc4c2ab23dcbb86b6fca774fcd5815ccf","6132518766595.57","No"
"0xee4c2569d7782621f7b0528dbc87a72c1237fc2c","12292240508921.5","No"
"0x503f43cfea5c4efa0ce186c531fc0df509923b1a","13067475789211.1","No"
"0x90d59a4fa33d6ea31ca7f0b39be1ec476900bf63","13063050335510.3","No"
"0x2a6d9b41d8b02c72d2d658efcc2e3c3047593d62","15228671431710.6","No"
"0x7f3322fbf0c98899c0cc29fde66fe926db2c6855","12871842897653.9","No"
"0x6551167e4a0085f142821fca7023907ceb9a39bf","32155372874283","No"
"0xd6317bd39902d54a41bfc3efc2200f0f2e02ff7b","25981461354.6399","No"
"0x22048cad67e6f86f7edbed1b4c25022daacb2a94","6167919368430.79","No"
"0x603d170265a23688f7e29742d686dbd2a5934e3f","2.0076E-05","No"
"0xa3ef89657501b76809e391fe7ce1c1adb59933d5","5600045090053.03","No"
"0xfb8e88409029697e59a11c14783ccbf224eded42","7679679269.36038","No"
"0x4ebfe601c409ecb10c802a358631697ac04c5dc3","6682322802880.38","No"
"0xcc0e9ad933c75e4305392c812e72d6077ea4cec6","16108663.3601926","No"
"0xc240f9cedf9121503e659a03ecd7898c7d7e152b","71751.110631366","No"
"0x4372f1c068a22111d4de7e0e61ab328b54f8813e","1013144653435.82","No"
"0xf707a6cd67729c9a7d9c150743839136f386f414","3678.781941763","No"
"0x260606507308a67b28e4001f948aaf3df8dae0fb","3611894.93256844","No"
"0xdef23449c18e59c2bb670d862c1ec2c4ebe352eb","3313363309728.18","No"
"0xdcc167fc15c33cee499596e4d57369b565a40e6c","19615.954949354","No"
"0xbe8b396e6c83ef643f01941d73f7326f32fd269f","434352004758.713","No"
"0xa8dc878b00bf0f4df3d0146fab3e8934ddb72246","19236478.2125091","No"
"0x80f181816c0ff3cfb901a3204f9bf1242002d9c2","1657676128.31484","No"
"0xa9c8389a1f8d7af204e845bb29638bc667f2ea58","206.890904723","No"
"0xde5e666362986691efbf71cbfe3c4337ce9d07ec","1725777.75890286","No"
"0x9895c1d2176f4762fa926dd0ce6255a45fb5df08","0.162109442","No"
"0xb8eaa7c4e5ef90489c2f2e1a7ed2524c0785715f","1456666894934.52","No"
"0x1f7eca0895563c55b5e3bf85ad42191094892988","259.989897851","No"
"0x39deedf769e2abe08a973b7fe5d9c19ec8c0ac71","205087255586.567","No"
"0x2604b4c73045df37e51b883e00c6e3324af92e36","26500.999999249","No"
"0xdb95201151b619324be0c6285f1b2d2660b19b94","1058.599017454","No"
"0xbb3b377a4b042c41cc17960df92753d1936d25b2","8460544.15714747","No"
"0x2b25f8c7bf054ae9b07d14b6efeeff2610bf25f0","6376730533171.96","No"
"0xd6d0d04185d3d99cb41d7a7563ce7689ac278fcb","2000007860136.69","No"
"0xdff61655421fd56b50fdbeb2fb1ec086bf1ee3f4","308659.125329165","No"
"0x1fdeb8976bcd221ef75208f5d0289ff35effbd6a","31825772.5409759","No"
"0x8852df37aea703c627992a7b68dca36213156d45","577759.394955728","No"
"0x665bde438d24edc82900bcb13fe96d50275f4986","42060302287.6089","No"
"0xb50404b0a365f3f69859d71fd414529a831c6146","5039276872487.83","No"
"0xc0e023aca83d0920de74924e3c77f302a26bc40a","421218833.993597","No"
"0x8b7f3042bd16fdc37e792fcc8f39fd517c00fbb3","651256057483.144","No"
"0x010389b3f9da8212ffbe8cce27b24f570223b94c","3540632.37595038","No"
"0xfe91969167d81c80cbda363d41d143645441beff","1256549708500.99","No"
"0x66dc991c493f63292ec6553b97f8453ed685bf66","21279072868.3384","No"
"0x5c9a7b1022aee202b7327bd46a23b76495793600","0.485734623","No"
"0xa76e565e2910174f88d21e5430b83877a94ba76a","12000604592.6671","No"
"0x817c00c2ba41140b47f0323368b8f2357665789d","5E-09","No"
"0x929affcf249bcf248ad5b2baff67b8b5ac9c5838","11175035.7409903","No"
"0x03bd77990f28a2393792fa111e553f4665121c88","499531.184996067","No"
"0xdcb0f54e19c47c1733db22a1711c64e62c0a1842","2900.63867193","No"
"0x429fe8043d6964b97ac62b582149220583a9dc76","204304.161200991","No"
"0x11ebc77280565db0a7de6a72ef383b76b1a6d611","965937.330370927","No"
"0xfe4d11dc01c8bc514c2d28af16a3a8a5dc55e5f1","37153.006751517","No"
"0x8651bc27e56e807add210e8e5c91b27e40872580","2552579952211.8","No"
"0xfd6b3b7b001106ddcb327863c5ebc9a41910de6a","135543910935.08","No"
"0xa2c2149a0bf2ea0fe16641191f3de1e08ba55496","5937355.57253305","No"
"0xb51799758f4e224ab56c8a09b06e8cdae9168ebd","296756.24499792","No"
"0xc893c5d1922f18cb9eaeb099fb0dc47dba5cd6ed","553685791255.609","No"
"0x16427390daf156369164fc6b10abd449efd8628f","88234.035301424","No"
"0x472ad01f53deac684c2eb7ed18cf8a32a625616d","5464648664.05171","No"
"0x8fe3ad6de766ebe60629a3972298a1f7304557f1","6057307.15386498","No"
"0x89e793eec69162a6b53426e7e2a05aa8b6f25adc","11305463930961.2","No"
"0x0a57a1af51034175a5764c513a36588230d6ae45","46665985.2048257","No"
"0x558da907b847d1cbd953e6500c6820e4384f54fc","15328320.1110176","No"
"0x13c04f244351cc6218d36eab681c24946bf0932a","237092.373666622","No"
"0xa5460fe53ff0c9db64a6c8499d42c26dcfca5138","67358960.8642825","No"
"0xad9782ef5ef92b6b761e02a5e6a888a2711ef7dd","52936.922251747","No"
"0x200bd838700b4be86cbe19fcf7fa94082c3e624f","82513362562.6124","No"
"0x4fa07d0d11697788be4b5400db6f51f9a0c8efed","2684980.4102159","No"
"0x673ca45b656bbcdfdcf014271bec1d022df28d60","182226.302387542","No"
"0xa3b4817245ce62dc062672110d873f70325c26cb","342382.258202938","No"
"0xa1766ecf7095a4bb1d151fcd76d5d8c7ba992362","8614054.15837701","No"
"0xd2039bb52d2e1e0eec796cb77925bf15a5db8f8d","49379087887.6934","No"
"0x866d058f2ce9da04138227f1e8d06c3f3e5604af","3111359.54607073","No"
"0x4c9f85182da81fe5a3e668418fea4907a6645953","27000135167.2596","No"
"0x1c301c40b8c99b51c4e8863eb0ab0f5f8a734a4e","83784089.7557551","No"
"0x2292ff6949fc8fa49cc235083dc42209e20e784e","8E-09","No"
"0x98bfce454a6f4f7fe302658964ad7b0be292c522","4.64E-07","No"
"0xd764e78356a260a8669960826b2048e7637114e6","534989.18375919","No"
"0x37989212cd0104005ff0413a73990f7d5b43edd2","4808.995122476","No"
"0xdd8af07457a53f3d65eab6e256bef93a14eb046f","33121045.4498476","No"
"0xabc07c95a0720d51ce5f5038db221825683fe2c6","757204.632591136","No"
"0xef380b8713db833b283463528dfdeeab5b41cbbe","42381.796414118","No"
"0x21e8e64e6633508805a78cf9283c0b4b0e15117c","4249.314646549","No"
"0xd550ae905dcc2511fc6311272ee21467ccc321f1","381569.529820971","No"
"0x4a5c5f73cbe20ba2a6925a173520342c902b5b62","38400458037.7234","No"
"0x984cfa97bea6811b47bd7297eb4c86c79189043c","200000577.159659","No"
"0xaeb3def474b9813c3a5aef58ee36f9ec4284e21e","35572.527446803","No"
"0x1b4983fb5488b2a92097c4c8ac40501ddabc0c3b","126324.023788604","No"
"0x603aa6cf459c537add138170be4170c7679c37c9","1340313711.98156","No"
"0xcef4e7db574aa03a41b58375c94e20f2395fe7a6","10962.964667731","No"
"0x58df4c051bd699c86a17513ebbee42e946c63b75","1212515.06435907","No"
"0xd40326cb0b4eb15e675a29ecc909b9064c95ab93","509999.685053763","No"
"0x7da91d61ecd3da5071195e8a89229bf007647be8","132362.646963766","No"
"0xbc7d191d0d975ddff2fb87d2b9618a5067121535","140833540114.023","No"
"0xe1452a9e7d32eefa2dedaa5e01f18943c86bc676","1463016.82361543","No"
"0xc5e76237493ff8076b1f40a66ee13a6f840916da","2685878908.10478","No"
"0xdce351cd99bfb4771e5c0cc10dbc9d3dcd8f9ce4","63314.217080763","No"
"0xdc94cab37cf1cf03e092bf20917ce28692b2db66","1876.381615865","No"
"0x672c36fa22029369490bb5e33e6d16a7e1309c1e","26.940133012","No"
"0x6a2a29eda6c5313305f056cbb6bc579f1907259a","7246463382.22172","No"
"0xabc8aa3d1362d0f1282c2ef87e381009255d200b","51097.56143721","No"
"0xed30d06a207ba636fb4b5811e570c6be4e58126a","199685.036418337","No"
"0x59de13cd5e5636c63d9041950768fc6036833cdf","60134.200362755","No"
"0xdd47d7d19f42fb7b77ba194566c238c6edb83a30","531981.590850818","No"
"0x11413417e00ed9471ecf937161c7f65310bc64dc","103547691451.247","No"
"0x8bff11a6e7db761dd3eb0193e5a4139329f32c8c","3294241506.01311","No"
"0x44fa90628d2a70f68809936ce9919f5be90e91fa","14862.142388243","No"
"0x04c9cc34f8664a616e0fb4ca518955fb44358e44","14554058089.2363","No"
"0xdbf9c28336f458f16c72a5d8fee70915687ef0fa","733.204913539","No"
"0xfc81cc5a78bee6f9e5756027d7072438d1b360ee","0.892668168","No"
"0x8886db31c490d72213f6a369d50cc254d7eac42b","20281.750872062","No"
"0x405cc07d017cd31d66c5f3a0c8efd0e61de0b0af","3267.996286982","No"
"0x41911b347f633cdafdc121ccf0cbc34b2ece62ae","585.723703883","No"
"0x8230150f3d5eb700a776718ee78a08cc56f0fb73","2386121.71635764","No"
"0x08ebf2f766d0259f32d89a055562f8777e44e8db","22082.026114662","No"
"0xeb4ea7a62efe0567697943907c2bc61ba1583c8d","9916155191.44273","No"
"0xe7d208d679386717fb113193054511cbd510f1b9","470595.096153653","No"
"0x74cb023f8fcd93b09660dbbe9153c3bcca367f7f","303091.290886291","No"
"0x7c889c6200de8c481c2dfce1c1c3cf988685f45b","49170.867828047","No"
"0x1f1a60a69c90c4828729ed5dd76bea195f4d3741","17014.524545837","No"
"0xbd3b2e1266a43cd183ebbb38f8ee470266b62083","1032961.7005978","No"
"0xa7dee91d82a61dac8a24e53e736a479b56fa916a","4341.364356066","No"
"0xc80b624133e1457fabb3c9d720c491ba45098d49","318750.178060204","No"
"0x391ac1880849b53ea052889aadb5104a6c04d4f5","0.157403124","No"
"0xcb7ea01ed89fa9288aaf00db35963dac57f8fb64","3631.86707103","No"
"0x0e2b7889bc168e322bfecea1b4efb7cf5e6e6ceb","4707764.72167891","No"
"0x02b314235de78f743f784d086bde8eb38e604a2d","14144.583574848","No"
"0xf6ffa7aad6ae31b10d6ff6aeaa4aea5fcb90fe3a","60627.107936309","No"
"0x0b0946d876247290f20aa4971a013cd42e743c44","1496045.31229574","No"
"0xb2951102b3d1c2fef35e7724c8584c2e503e03ab","62308773.1431631","No"
"0x3807cd340037912d166b1a8da69c794fc4af3c0b","21030774368.5592","No"
"0xc63addd6c911c63fc236320dbfa3b0f8044b7289","120991.996925545","No"
"0x6d9baa33e553eb434b5dbf2c584cae13735409f4","11839249040570.2","No"
"0x262e227f062da16577f7b532e5330ba7c50960fe","468.798990661","No"
"0xba62bf39e7e0796ddd206980ee8440c0c6f8fece","1974740.63118923","No"
"0x924e8fc81484781b8057db784266017fce1af136","58175225964.6206","No"
"0xb4d17ba33aa18d809744d1ce9e1904d6a01bfe9d","58062240477.9269","No"
"0x2c89fa907ee6592acc13c711d09e8363a41a5960","417026085318.811","No"
"0xe2986de02fcbaf8e53c21f4e0ba857b1d913e959","1089891.32283257","No"
"0x7db599c4f2c2dd837c31a4367296c5672586b9ef","15428.537062689","No"
"0xa1aefa4fc7dcdc7d70f324d88c397b112fbfe609","151760.555950517","No"
"0x7220d72d3d7164fb0a2bf392842175decd3d66bb","4.101626386","No"
"0x6e869cbdf80e89862ba0575213227ea0cc0745ad","62623.424261574","No"
"0x6d3bed114be4af54011f8a43cdb6a32ff52e631e","235219.347232313","No"
"0x2c0f7545958b6c83f057aff79d131dc26799939b","477.150200015","No"
"0x38ecbfe71bd0c34bed91e8c4d9f3d84909885c0b","68483014.0806288","No"
"0x88ecdbb9615f22a23bc212bc8691303b3d183446","29893.379544584","No"
"0x924eb1fdeb78b635f9c18cf1a5c9ea2b4590d67b","23457931157.5156","No"
"0x49f8ee914f9c0fe04b36f177e1f153646b20f692","17847.212801488","No"
"0xd3e98569cb6bdbd6749d9608e78be69a44c34390","206144.310735395","No"
"0x2238e16db9a565ef6fd57db461a87755c8e9ef22","657147.459766853","No"
"0xc52ba2f550a23f6ddf2c5a76355de8c026092fbb","9025083495.51012","No"
"0x965b1a4cf2f938f0f3ba08df36730dbd8647b831","31013.538833163","No"
"0x3c0048a3c4197824e94facd51919e0bdf4f45719","205351.331888122","No"
"0x61390c8d6d765ce27d02c1fa2477e19131d0910f","15778353221.3105","No"
"0x3d5359e18b4f9ab367758d282ed985ef4a17feee","11149.657110292","No"
"0xc1ca38a620802f69f44dc34376f1ca0cf3542c19","132008.081976228","No"
"0xa6ff47b8d663c466c6292e144acae497cfd21cea","12491.198978128","No"
"0x14cb39d8a80057d01a2ca2b84b44ee1c3d1dd1da","103900.426250231","No"
"0x0574c5069c59ee99ae19ef397e7c97f72b856fcc","6893590036.60973","No"
"0xd14bca5897f97318332aebee2fc1337d6dcb4c59","421153.424017444","No"
"0x842ffc6aa3b09120c838ec6c9db6fb42ca0d790e","1747097781.62033","No"
"0x9eba04d575a7a674970150f292e777648b92909c","250994.614471349","No"
"0x32b555ee4bb9c576d25c4603ad181c3f4dcaf83b","983740255.511635","No"
"0x4bf15d433f2ba2e05c5bae95e1c1cdb71b236847","3E-09","No"
"0xf55edab129e27d017589dc70b284657cba1649e1","2340.873199587","No"
"0xaff7368256e746674284c41a4512f2b336bd739e","458.192830489","No"
"0xc491e4b407adc6969c8fb92a7e53f38b0d3b6883","213579.186094343","No"
"0xc7926f4a786254d622680411e563598f5f77a20e","8376932637.96015","No"
"0xc05d46be383c40d030f304e96f4e4012041cedf2","11555.410643165","No"
"0xfcc4f10fe2ee2ba2b450f50ffeab0fd7fc3472ba","198424.67331998","No"
"0xcfae29f9d5251eb2bbf9ab68f66671c62a95dc75","13.600443796","No"
"0x480a1cb02586ebcc3e3e46c11f8a33dfe78eebc8","190672.85576841","No"
"0xfb0171ab054b7d6b56125800a811f38afb3a102d","3480856.02799093","No"
"0x43589af31c8481058a93c0a91d3f8ce60c909705","0.002907886","No"
"0xd9549572fb116790aad0dc043c909cd9a5c2db03","141784.857036522","No"
"0xb4916495a2bda6c16e04a27022869dbd6209a0ad","5572.161277339","No"
"0x09fedaefcb3acd26ab170abdb05877fd3c2905f3","192498.364012569","No"
"0x8e480fb76b1753bc376932b4efd6e2fa70bcacf7","2000004701.63423","No"
"0x39543a41b103c84c284d6924d66ae80211b61212","105273.073021997","No"
"0x46d710c92b66f4b4ea76a73bb0bdfb5520cc0c65","6827438291.02345","No"
"0x046a042277c477b98ff8e29c58b0310021895486","114670.049703789","No"
"0x8af685a23d057935bf644fd368ad83df1e91ab93","111244.342235516","No"
"0xa46fc0f762553447383862c85fef501c21d46e50","212209.019943135","No"
"0xb104371d5a2680fb0d47ea9a3aa2348392454186","169575.349735851","No"
"0x81576ad04680685056536b4004b94ad40c460fcd","105193515.800334","No"
"0x953ce034a5904fdcd94fef05d4972bb9d56f64f9","66464.402769583","No"
"0x133e915922c6921119bfd918d37aa80fa6af8b0b","678351.470949037","No"
"0xfd9ea01507d1dc8f41be5d4c75ea387e59d5e52e","22023860133.6748","No"
"0x57575b847b69f0338b247724a259131fd9d05721","132492.036661712","No"
"0x584baacb289add92ea3a1fbe11917c52b2b94ff3","12807498615.4967","No"
"0xdd7eecf9539a293a2c140041ae30c61858bbc1de","3696902.08608588","No"
"0x1eb198a57ba70d20fcf960420a4058b0eb37efc3","685986.395977034","No"
"0x5d7425780f475bf22e93dc32fa9b7177b1e10621","103190.696699017","No"
"0x89cc2c1a4554f691323582603da815ae4ce6de8d","3.003946578","No"
"0x319c912d889995d58b2f528b11232898d40206cc","37113.090998909","No"
"0xeea9bf6143661d5d0a6acdecbe93a12e10bd42cd","668757.536840439","No"
"0xc90a4fa24f70c073e16d7e519eff2534558a8a96","206466.647895547","No"
"0xb292ff6e9c6838bef4088081148b7dfddf9bf54c","51126.665462266","No"
"0x5868c58185617d43665aeb1d15c4764e15d3d0cc","46615568.8918421","No"
"0x2883142b2ba84ae5264792b978262e0d7953e3b9","55699.305991203","No"
"0xfd49b8d3145054b7aff1a4712e3f106aad62ae17","1894254.05323801","No"
"0x4e2f8a4bc6683cbda99d27adc350367d21efe57b","582609.312179104","No"
"0x937025528556dc382631368a911616d748f49ead","131968.160732138","No"
"0xaf88dea2fc82c50eb7cd19e46e94161788dce93e","42824690111.2304","No"
"0xf955a91315160cee405c95b2d0cee8cf93d21932","1339178587.4415","No"
"0xeea9c4a0763808bc8016b3f32b177d48f649e448","214106.925373456","No"
"0x08bca58ec22e1381ba006e539826b603ad9553ff","7442.762868913","No"
"0x58ea4ae9a8a81286b61b6dadbc04297b87c8412d","4056.354240274","No"
"0xc36564d85d88ba5d9524b4907006390a502b243a","26918.930952602","No"
"0xed3819c09f950257358bea17ee5e8659a6fd7fa6","19228453535.8011","No"
"0x459e0e3031a9502eb8fd22cb64fd7918f6b53a73","5333035918.02954","No"
"0x1aa03b3c91ec712939f0308de045c8cb0bd8b4e5","290583173077.632","No"
"0xdaf0927935359450c35165f78bdac85a8b386c19","2619.989409168","No"
"0x21099b557c3c835ec1ec52630fd538be925a0497","55.642062576","No"
"0xe393d8dce7694765617651edc9bb85709666f2dd","153677.628032953","No"
"0x45c296724efdd3cf77500ef78fa1062b38ba1328","126221.315788907","No"
"0xc0c3125e6c69e0eae82ddd8a502785754bfa6b34","207290.959276281","No"
"0xe622dc4deb24b590d3e59e36d2fed4d0cf1ea5e2","8.202549763","No"
"0x4ee751f1ce938cf88581889756f4dcc7a25770b8","1E-09","No"
"0xf1c0e42f3880afc1b8b34a381e737617ead6df91","598322.112112689","No"
"0x193a9a108b66bd5b03778faaf3d5229ef3754bb2","9624.862116792","No"
"0x3ba9ca609fe906e77fd3507e89539a01b62a3dcb","268076.619335474","No"
"0x84c7652281c7f563a1659e0e87dd28b2f08cafd9","8706761592.28684","No"
"0xdebe9c5f15dcc3c268755651c998693ce9e05147","1429707.03618233","No"
"0xbca04356db73101c54114d40aea9d59461e99303","19416.739957218","No"
"0x14d2777b7603a4e14b47e9a894dc73028ce69c65","128507.237166978","No"
"0x6a8820aab71bbf12aff35956dec7d14ee895ec6c","29877477559.7309","No"
"0xb29e15eb793435d70924d2393fd9470201fed509","20230.404118086","No"
"0xab8fda3b493e435e726c8b49e5483f8fff033ae1","0.0072687","No"
"0xaf5b7247cf512e4224fb574bf508377052a63386","40360.602009005","No"
"0x888277f5eff9495adfd3dbdd7ec3016199a6b6fa","260.177591424","No"
"0xe7a95f4c210ca4bc2619cdcc5e77eb31e72a59e6","116375.47681423","No"
"0x01bd423c8355f60bc9d69bb63fbc1825f1872d5d","0.032335202","No"
"0x9e71fc2102615f7a1ff40f72bb919983fc9c6195","78483.954700666","No"
"0x3a65c79478dce018e858a4b966bcc01d916b54ab","1282311801.37521","No"
"0xccfcf47f0d5ed437f4d1c955629e0c0dc1067c3c","3345458.88945817","No"
"0xc948d2535eef458c2647991fce9e9234ec0c29ac","11500761025.7796","No"
"0x3ccbc324fbebad3c47f0070b6345837974db6cb0","180396.344508406","No"
"0x20c40b5d80d51201e10ecd75c9366d6e786782c7","0.011417804","No"
"0xfadbd651faac50e2198bd4e546439bdb52a023b5","1180483.00682367","No"
"0x121466d299c28aa710011da56a73cb3ec2d4462d","19068.888620924","No"
"0xb3a33f74bd5735070a02190cebcfb36375df16cd","4591346490.33758","No"
"0x7b12744e5909698ecc9681052af6df11c828cb75","38163.100365208","No"
"0x327f9a59b0f1037b8acc1a9b4c3a9cf2cca8db9d","451940095.497272","No"
"0x943fbbc1f2d8806966482ce5d93623c4ff1aca76","5709405298.21849","No"
"0x12e5a1f28b57d0e45b6159efcf28a115d329c884","44744488.4576487","No"
"0x522dfe9c66f4cda514c4aebf475a143f7a949a7d","162105.844822238","No"
"0x10265ae39ddbacefe9e5e4de74c5cfc0a6c2a1e4","199024.675603506","No"
"0x2cb961be499e4a2289a6b1e9b30653cd301110a2","6172.597681848","No"
"0x44a430703df7c4726beec5a9482c136f2df036f4","23588.437486133","No"
"0x96a6de6b549c4806f28865c9e081a4ddb2e95fdb","5427.706234135","No"
"0x5c5a2af3c41bec2a94195deeab297a53894614d0","91097.691023518","No"
"0x70085f2aefc08464febbbc8464a5009dbf7dcce1","1434125343.86615","No"
"0xb6c36af5061b3a8d0635a51365bb17e11d3ae1e5","389.910657842","No"
"0xc1829c714c8cfb6c42a3314c97b9fedb785d13c7","9600142242.58776","No"
"0xcd7bde14dc539acf677a5445530f8e02f5fe17f1","51108.074106868","No"
"0x670f273af239ffa2aba48932f6bd9cb24c73c7ce","181052.496338946","No"
"0x93b3a6ea386915ac2439999369a54dd2650c2597","20571954178.5503","No"
"0x7a45dcd2127e70fe8e1b76f01c9fc538f2fdd49d","13325979560.9564","No"
"0x27929c8962afedd3e958eb8f02ec4da7a4e3d811","5082454.3469197","No"
"0xa47adb9bd08e7e82df27fbd63e14bb029b405b5d","12010.903981855","No"
"0x6075be1e7b6bcd8ae7065a7e22e992f4e7f1adc7","4373857211.53454","No"
"0x705c24f7dca4687eee0919d4653d472a1e96e5b6","7653373851.22632","No"
"0x6e1f6f870404f526e90677246a83e06a8ef7944a","1094400024.95232","No"
"0x5980659e88186976952b91a6e8fd11f4e11e0706","4197.041073663","No"
"0x4948583fd83234123aef13b1cf3affd98e10100b","6144.744343328","No"
"0x00b95bbe437cf061a11c245bfd2445c3cd2e06e5","9120.573943804","No"
"0xe0237a18befb991a52be0ed68dfa9aaae4558ff2","17934.358166681","No"
"0x163f4d1b56082dac3b63f9ab3cb24bb46a5aa501","592064.469388304","No"
"0x61063b644387b63a7ad4b33566960ba2336e9587","3255242829.80514","No"
"0x6aacf6aa747403d5dcf93877126f3b6a3924c414","1.572021252","No"
"0x19470d25311bb82dde30b9fffeb021937037508e","1952062.45479773","No"
"0x7dd9c105a64824d55a68c59dcf991f1023352ed1","0.017467207","No"
"0x99bd6fd9d9e0a4e82e9f8fbe9008c31a25c6204c","2075461.13373921","No"
"0xa18bcd554cb11cb6bac089197208a0b911ca0618","6489.317348754","No"
"0x52d89c6ad5a7f93e89423fc9be6ddf1a061830d9","108138.837443872","No"
"0x133558346bb15ffec523fd6083ff6676832fbbe5","60444.879832687","No"
"0x988b9383fd05808ae9081f9e6fb89feb08a281f0","263969.916430279","No"
"0x3e7184f70748bbac0b285d51a746ed0bff22bd1d","25426233.2517413","No"
"0xde0fb9ec5d2bb509e056ff94f79a94e68d22bcb0","2395525.6721412","No"
"0xa2d41490dc487a808d97d542ed4e9553377dc779","107641980.534061","No"
"0x953d7c14df139945fa73b521511cae6399315029","645817150.183034","No"
"0x9bec290354ad1db581bd8a8235cc5a62c8db1930","13683178.4349295","No"
"0xe5580d8f1f66ff4a7cb46508dc8721420272e9dc","10301607793.3095","No"
"0x1a5b9c1079251dbcfa5abc70a1962c9bea05598a","4981.498567025","No"
"0xd6f6f20be1d3df31022c57823f080d4958edd913","389372.183129354","No"
"0x20ef064129ec3409da9ed0f54ab1e420fb6915ac","0.016714965","No"
"0x72228fd772b49254d9309cf7ce2235e8729b10ce","13006729002.1696","No"
"0x20f3c88d39c03262efddaee16768e7a334ff2a3d","960004094.388466","No"
"0xfb4d9f00e6efddd1a63ddfdd8d55f5795613829c","2021725030.42748","No"
"0xaf99e4d3280a86deb39b798abffb608c77a3945b","40833749003.6744","No"
"0x05a2bd7d9fb20556a1fe8aa4916cacaee3d3e9f1","1668.340919535","No"
"0x16b0978ffc00da35c6bbc23706c48e18176f1d9d","25232.554087762","No"
"0xe936837467095d0e6346632247e1cf60ffc4a30e","0.025787971","No"
"0x4e48d149c5094a9aa52f221f9446984148142c59","40235140090.3673","No"
"0xa6625857f080abb927e888fbabd8bf7d317ac5ce","158000454539.893","No"
"0x45be07f3e96133c720fc3fee3cbfc74ce5a7afd7","729206488.60951","No"
"0x684420629160750c874748b8490a9ff62399c9ff","51554.235642453","No"
"0xcb5d4bf0f0e3d9f96010482738d34d7150c7f52f","2002453846.43058","No"
"0xefef7ac0b818b5188c3c0a2ff323cf3f4638a37a","24397451700.3775","No"
"0x52d05af3d2893175d77c5d1bac0d4a422d9d7224","259924.521917309","No"
"0xe74f8e690b60f4b9d9f135d9ba4167c680b5ad3b","516691.244622916","No"
"0xe6dddafe701ad8b7f39ec02a8b35a37b035846e1","2026623.98075069","No"
"0xdaa5227973a1664fa9639bec88737701649ea6e4","1858495.99121288","No"
"0x8aeb9e277539946c12ad4a9dc373f70d981d7315","5.3979E-05","No"
"0xbda8853157b6ea37535626191a01bbde3ba38f7c","9573309167.9685","No"
"0x46d87fd77c3654112c549fc30afc395526173677","54447.99024987","No"
"0x608de1d01efbcf3c3eff6ea3062263934cd88cfe","9558519472.47001","No"
"0x9ae746f37bda9f9c27a71bd9a8e444e78c727188","217166.865546693","No"
"0x962fb7198bb467a05533c1aeb2db0efa7f8fb70f","9607810449.91597","No"
"0xc88ff0e93bbe4993f7322876c9d002663a9eecb9","69393.295623973","No"
"0x840bdb8d63ad8fda05c12e78d8f01164593ca28d","129575.079519024","No"
"0xe0b94f95484113d82aa52100e9657edc4550797b","295607.64563428","No"
"0x896c70db39c83fee9b6e9e4dce9e00411933cd77","29558017732.2892","No"
"0x2f30244423b2bd31b3ebe3c8e2c28fffe137d964","196719.0304922","No"
"0xf4ce6f31b66b75d8708c8db876af888a9a2b99b1","13578.88686861","No"
"0x48d7822682ed7ba509abc5a459cc2a6fc753f528","1920023040.28612","No"
"0x0601bb8b0977f795b76cdad9fb3c3c5551479f69","12679962951.3087","No"
"0xa7b1162ddf4ab411424face21290e34fcb377932","31149123265.1684","No"
"0x6a082d66d517d8e736e8d3a73029a49edca18c4b","200364.020542624","No"
"0x43123de96a3989052416a4a907c947a553d0fa1f","57065.298640615","No"
"0xb7e70873269d40cc41d315bc72a51b8bfd524e4f","3035.556748992","No"
"0x4547f00f2b96433b16b79e668a902d6eddf56f4b","806007.5558303","No"
"0x5739a016548caad16a877c15a654dec473eea4bd","9332185665.45763","No"
"0x2f1eca1a9651a4c955db5ffca40d5dfe0b98b7c8","9.39E-07","No"
"0x6caff2a0e28455c4fe247de7354ae86ff4f5bf8a","138990.339018858","No"
"0x54c508a6eb9584bcbd8ffca403d48cf576f74d3f","3445496189.70743","No"
"0x3921902e272525316d476724e7c3dbd16720498e","27875.771888265","No"
"0x382e2c03edc963a62eded1b2c584dd9ad44fa88d","0.001921426","No"
"0xc2975ec24b9c40b65c65da09505959b72e88c2ee","137876.455812268","No"
"0xf871e55f99718e8efd28299d37d7277af3d9fb94","11488.172441586","No"
"0x3bb6d536a691ce0e53f9b86129810df171703acd","317290.672335567","No"
"0xb3410163f039a75b52da181c6a7a5210be78f0fd","751061.122474218","No"
"0x8927980c7ae594125462e9256f503fa7d7fc2779","2889209.80396966","No"
"0x1d0daf62fdcded700f5ad5fd2af005a70f6a8cf9","124425.217603173","No"
"0x79cdcba8711500420bc4452942792b69ff6318d6","18444.008815929","No"
"0xdd00bc16452927053370c14bca65e67ad849025f","508991.92716309","No"
"0x547e36be8b75f3e7d2a42c3fd466884979ee71f9","5317.114039257","No"
"0xc0fbc4dd12608ca444b5ab4dc36adc8e0b7065ed","43137685612.5451","No"
"0x278accfcffd54f580e2363792c09d6d60d1d1a16","1536452.33726742","No"
"0x9d37ea84aa467970c418a89a06d80596a2ec0c8a","241721.196007927","No"
"0xf86e8015592a200e554d187c47eb4445f04dc2d0","258406333403.843","No"
"0x9de52554c63cde9e2e1bcc9f119f37d45fe69c07","36608535927.5974","No"
"0xfe85f48b57065f0f41fe4b01a70ec2af99cab1c1","5885614559.42459","No"
"0xe3ebcb2d4fd16eb4279c8f7d0a13cf58e0e8d673","6980504570.34412","No"
"0xacd70d234c8e5fafaa738ae6ece2eb05ae7f567d","1737591895.94068","No"
"0x3905d3702a3d4ce40f75c0026382a450593baa8c","0.000425994","No"
"0x9e91ae4f4a53b31f42769b6b1b02e8285f27c62b","2964890120.19924","No"
"0x90a1ba181af459c5981ed15f6504eb66f2a807e2","5057069680.92866","No"
"0xc9a5c2db34239d6d29baa8d19535ae44bbe92a51","39439147006.592","No"
"0x9f2a0db58953211f52216f893e36c8b852e03b2d","33147.667285475","No"
"0x5de5db8d4eca668c022e8d93731fd334b5b571a7","23776.814974503","No"
"0x0839df6657b9f59feb59970b4c86709ff67eacda","248.891077669","No"
"0xa852f089a2fb8a332a78580e1763df287840f9e6","193218.110334216","No"
"0x1fde47b7a55bc2225ee76ac929b8e60ca704da01","49226266153.451","No"
"0x0ba9bd3225665f397820651e172cfb5e43d8991e","4090885748.36462","No"
"0x197a624daceaa00208652ed6157e3edc8899d353","4896004916.02378","No"
"0xba07cf8ec393fdbc3ecba996abe711b7bfe6526b","369387.183176609","No"
"0xe3d4176db467c3c20b503893e8bca4c30736563c","1373.846269623","No"
"0xe8532de1551dfb707b57974d9ed5d4c195435123","7845.942152838","No"
"0xb54bbb2926aa112f5c3dc7c6a0dec5d87fc21baf","243228.808470497","No"
"0x44aa7ba85bd0dac3bb2e46e3834f6bb90678fd5b","1820.79681643","No"
"0xf7a67765c715099e7f76040dc5bbf71b063c9c83","16724972544.0162","No"
"0x0d8ec9d454437c32abb93566d0e34187c434c811","4457389526.9902","No"
"0xf9293420263cbcf83ff8fb52c2a925a2b22f8f10","184909.230029419","No"
"0xcf992dbdec5ae0ae170ceccda9a442da8d7b3065","470427841081.657","No"
"0x5430d174bab73f7a1be9e2d2152bccfb76b974fc","511978360.374305","No"
"0xb5bc56cd08e4ac9375ad0070135e3206fc506d98","316800305.469533","No"
"0x7f8bbc6122772ffada016f0be5a2f6971d970008","59334.736291398","No"
"0x6c2eb890fa0f8c48f1e9eb5c94b675c36a2fe93a","2224296.81188357","No"
"0xdede1ad99de08408963bb2334ec40eccf3610fd4","13425.783009522","No"
"0x2dfe2dd04e4c9426d42294c0f020a833c57e2718","25116.376960486","No"
"0x0d02ae91ff6cec2b71476f596e9b7694bdc3e0de","7724311792.8811","No"
"0x4d852df35cc08bcc20a5b9e97d1f0b521baaf160","1294988.68904999","No"
"0x168214459517a671581e3b8ec6e74a593cb64891","33877.329903506","No"
"0x60ee35dd9586895d06e6ac623f49ad1b81932eab","107681.828785896","No"
"0x38c8719131e36ab8859af7eb791a7a154bc740af","42396.14391657","No"
"0xfc04c5c1b8250abb792f34aa2aa759025eda8c0c","58623.360053636","No"
"0xb11e17f877853a9864b224ddc25af38a3ace0fed","45.137582344","No"
"0xce5146cf1f2d04ae686ab3e24680be28de2d19e3","1548940625.68403","No"
"0x68c34671659e1b62e36ddb890bc627d2cf7c8bfc","788272.157797036","No"
"0x8a1f9352a729d5410913f78acd0ed53999c6319d","444059.978634716","No"
"0xbed1d24f61a5ef979aec023a6b66b21771fae256","24904.917058437","No"
"0x4da22c6837fbde0e45364738c9d8484eb8adbaa1","40959374935.1374","No"
"0x723e8404a3cdb95da667f0dd673bfb2007390cc4","230371.047228711","No"
"0x41054e9d9d4b5449b5fac3b2070c40b4abd8268b","1031.527491234","No"
"0xb97c0dedc7c950150a907a22d8763e67ecf3387b","4083570159.49858","No"
"0x51699a700ebd0dfecec0fd08b23bdf3a25a25689","1137017373.64451","No"
"0x7f3f9599fd73cd200937b4589ba7a9061294cdf2","160659322106.634","No"
"0x17240ae49cb2b3643ff5294220eb5c3374dafafe","35482.278190447","No"
"0x249a5406bdc6e48e9e12d419cd9992ce35ade2f1","50706.456568416","No"
"0xf04d08a4fd0df6d615231f7e894f4815834fdf0c","2855058.08961135","No"
"0x69af50e9aaa9fc9bfcc70bb074fb9590690d9b43","0.01283581","No"
"0x1eb3c7fb9664c3252bdb37395359c4f6955e9722","384000635.9921","No"
"0xa9b4577fd4f41b53207452211bf5833a6146214c","109363.442976801","No"
"0x01f6f47d4e91c7c890c8a6994fa63b3cb9007dea","57668602249.8152","No"
"0xf50ff8e54e3ff15fea931903c372ca7c3089f238","5769.465605947","No"
"0xdcdc3cf6c19f7f12210bbb99cfc0a3c20df09117","19.881014524","No"
"0x57e06d217e7b852be89225479c5df9434e6ddc85","103749053258.025","No"
"0x5a3c28fe3f72623c54b9b79714c73d73dc2a6c51","434105.636977931","No"
"0x39d48ae226db65fef1d29ddca6385aefa14efff7","192068.380773903","No"
"0x0445210ec6eb25f88e58751106eaca74f5cdd60b","498748371.581138","No"
"0x4532766314db81ec09e74d2273d30f7ff643d0d3","363062.132506595","No"
"0x5f31ff91b43429e5528c8f6f41e3326c0fcaa00d","0.175581799","No"
"0xf3b70a81307a12804280846218a1eed6e06fa42e","288000776.271463","No"
"0x1112fa74f2cb358eaec634dd8e13b8d30b8bd5c7","427621.109643164","No"
"0xd0e319c1f0cbf4507970490c14feaf40c24f9f9b","3769321082.26516","No"
"0x190bf803a81ff70e4d96c008c5117b99db754664","5693.536767364","No"
"0x2b52adbcdf77d6820e4fef714585a6927f07aa44","7580606398.72266","No"
"0x8b106e9dfb3aabf87143f03ff92d7b93f37d2d58","4567429665.32907","No"
"0xd4a267cbcfd6a1f3409ff79f4587843960916056","3045.361726839","No"
"0x71a915a864a6b9113a9203a7d3a2080a8b1c0330","78936256921.2423","No"
"0xab6b77d29ff2c40a6760c2eec28ddfb43ba19da2","146491470.475576","No"
"0xe643125fa0b731bf029e54082e7a71ec9dc447af","42959058441.8618","No"
"0x97631c8ed7605fd1db1e5b7129356e150c377c9f","5010619687.6576","No"
"0xf6aea516ff57231f766247a242fa9622f2bac4af","920029342118.242","No"
"0x31703c2e5d8fb611e0e73c3b27a959ef6bbf5ba5","96459.668109796","No"
"0x3867813a2f4b7d0790ad1575fb967b5b618eab2b","20323796356.512","No"
"0x9a3f27d3d40b4e6d12c39a0ad87f851f7274eaa9","141002.341982021","No"
"0x905ad848ea1e26f7e492c59cc484fb24d19a0e2b","1066247.7036148","No"
"0x423cd3f9b2d286dd070e39a9709e42ac430ddc89","74007.785651739","No"
"0x17ec8bc38817b681153c73987b703501bcd566ac","149736170300.896","No"
"0x4be37f0e62a38301358a6bfe4e8bd889cc7826b5","186860.899785516","No"
"0x34635226ff22722e7495f18a30bd3d98a52081c0","189985255883.854","No"
"0xac371dd70c8564be42b8b777897685ddc8c10d08","1651228531.53457","No"
"0xa26b7171637beeeb88b740bcc08b2a2ed854e3f3","4451052.06928927","No"
"0xd339dd20b049bbf4ce58c4e437d4b198d36f8476","38723.490186479","No"
"0x65f4f2f1dfab9a0802fbea2c3d01224272c65f5b","98642.258330448","No"
"0x6069e7866ef6da442320b5de0d97eda1b5512691","43012.382898563","No"
"0x4d595eaf79b85792ee3afeabda56979d708274fa","16543.438203775","No"
"0x16d01a2baf7855f07000b6648e667127af723b6e","37662.352367871","No"
"0x6b81af91600d8a870aa041aa16410b4ba68b3e1d","6.092101776","No"
"0x0c756a1703700e03dffc9786c3ff478fd22e67d1","58892.285948026","No"
"0xb060205bc210bf95d4316b336c86bf9b9248c792","502240818926.407","No"
"0xd40f3800e29391f7d2721445aa13c0f7e1b5822b","47639.719845196","No"
"0x665a0a881e4eed2a724763040d89bf9dcb82786b","87937.432754499","No"
"0x018149442002cd66ed964989e4fa6af99dd4193d","394381.946966874","No"
"0xf4ac95b5d827b20c0b398b2dee3a35325259ec4f","122319.886838233","No"
"0x67effdc8851c49daa29eb904c5b8d60fe17fb817","10752994935.4312","No"
"0x4179ec4483cc43893180f9ced998ebe0e3dd6531","13041194335.3573","No"
"0xc0bed358c1cb69adf5684533e0935be08107765b","57434997097.3548","No"
"0x104750be1dfd7c2f0caf4009354427ecc0aa139e","2434220603.53247","No"
"0xbd55b88d7da14721928ed201e323831ad63d09af","4017283158.19224","No"
"0xde59ac1c6ce1ee53ae74174d92bd97d2ae8cdc12","12083491360.7512","No"
"0x8e13bb5f9501930345f93b6958044d94f077f5b0","750901.163897983","No"
"0xb22f10f43af120a5e9cd3c4ff5c0ec72ddbeceb9","29214.416008292","No"
"0xdbd74df0f0f99ca1dfadd5d58c359c764832a4c7","1.0499E-05","No"
"0xf35706c634e3f0edc4996e52013c4b748de99dcb","9256839.63529892","No"
"0x4517c882295c167ab3e7b7960258500098ed92db","27686.72787393","No"
"0xe8c6d93e60336181b0e5c85318c0b91dcb0db2cf","31010457.1590588","No"
"0xdd9fd0fd2e3ed8a2cec9925bfced850dfb66782d","61633676071.5739","No"
"0x527f668a7577441123a6f2d324fe91b20a9dd358","5046771615.80084","No"
"0xf0944baf260a4c76ef5a5fb8e60a8852548d1d06","235082.631937099","No"
"0x017d65402c78464b2f5e62319b78daf7b552a059","3756185.08949633","No"
"0x1573f4be68411464fc9f30090ce77b186ff10de3","90243015996.0299","No"
"0x9a063204f728023f6d3f95fae25ef459ee9adf0d","256705.175347255","No"
"0xf7f21f660f615fc85ab27cd1704e82e6fec5a473","18544.920289572","No"
"0x4c83265e4e34e1aaa3bbfc96ebffa78072e18fee","690.043366441","No"
"0x30c70acd18e5203379eefe17d92ab60abb241443","2841274107.61646","No"
"0xab792a852b9f849849ab11711ff97eaf9b9c29f7","92069821446.4608","No"
"0x73bba54aa3924ac611da7fb7515e7da3e25c0337","0.348269726","No"
"0x71bc43baf10fa3d926ce584c2e40171b401f1910","14180.449585203","No"
"0x970dd66eb060dd2710f72a993d6eb72ef2194ccd","278607.085804202","No"
"0x114f6b75078d845b0f5f609f496f90b9a20b3a33","57373010111.0063","No"
"0x6015a80c4d538d639384ff668c0be2a0af4c0a17","135037.002525486","No"
"0xafbd853fc6d5b3c69d26e6d8c791d2438ab8e4b5","12881456545.698","No"
"0x7e9ae4501ed7284b14c581fabafa87f9e41d46a1","43120725562.3665","No"
"0xdbb819346098ee45646bc6c42a251cb91807225d","34564.365963099","No"
"0x043c6651694875350e40dbcc274de6213ca576f3","2008.90483483","No"
"0x4919cca344d830d89dd84026f15d09ec4072ff60","39901.151451605","No"
"0x35e7349ee3d9209458e1e91113d6b7cd7e46afd4","15509936307.3011","No"
"0x4df68b372574bed4f1cab7dc62ea8cf631c8ff27","30373519279.6615","No"
"0xb74c38ca9c74ff48b02d1ce0c341489cb935b76d","52345.910348621","No"
"0xb56d1b1e9c486fe7c12b238c975741394f4b6a5d","928792524.073063","No"
"0xef74bd5f51bc02ce9e38f2155b0b946cde7305fd","3584430.28619438","No"
"0x5d2a0ae34c833702edf775bae87a5313edfa14d7","3900.64536986","No"
"0x487774317110457da95855eb345bc83038eb3ed0","114130579044.307","No"
"0x5573b53c1dda3d4af3cc3266962db94989affef7","80881482.837008","No"
"0xb005028e3f9a6c79712413515e72cfc0e937fb89","3384793889.89334","No"
"0xa1fe00b48fa549aeb5a405d8ff9643ba6f619c54","39893903648.3083","No"
"0x75450a12e4b69e4815466d9467c60db9d6765622","918413180.89625","No"
"0x70d320c970eb4d22028bcbbee11779af8774ec4d","1104106.29035637","No"
"0x1101e05063877964050e0cb487a18212e93faa6e","17719948252.4562","No"
"0x06acf5f72ae1a88138ddbae841146a6aedfc70a9","48383.598424911","No"
"0x25eccadb49f75c529cc2108f4d0e243d05c1e24e","607867236.422146","No"
"0xfea56c1102f3869fe92a847e70616748f06af36c","30279001833.2464","No"
"0x1ce208bea5ac1b84e6565ac7d101aab2bae0b9b8","3548155479.39594","No"
"0x9764fbf7d690975af162fb2c19b2c54211f043cd","6393626476.37853","No"
"0x9ee71ae5211d5126c220f3c10898e9cbf71307ee","8214733015.46609","No"
"0x2e75913de8fd25a54ff4c25cc27b67fc65e46a30","4502.989574927","No"
"0xe1035d4f22aff317eb63c6d90bba7f8e47d51a7d","458223.279443154","No"
"0xff627a2606c314d9c2eefc808ea88772a8d167fb","6244833.82300027","No"
"0xddac7e13f6edbc1e650d13e46fe1f4f2fbbbe1bd","527459144.895135","No"
"0xa80ffd1ff1674a37fd03f413dbb1693bd6d698f3","329297062042.135","No"
"0x3bc2edb19fe6780d0d96281c3d9e43dd430367f1","16517876305.3023","No"
"0x05345ec00a3a58cc0ff2b98c240e67fda3baf9a6","108590162.444238","No"
"0x069630b0de7d06d880070c5beafdc4e6e432cd74","1401318684.04685","No"
"0x47a3eef73cc7e451d87cb88b93b19b42145b6dd9","149453151780.364","No"
"0x03e98f1f11ad9b7bb0fdf6be502676e0ddacccc4","16651092564.1431","No"
"0x2e4a1df0cf28bd4f574b00eb1a39a07ff15c0d4e","54175935990.6161","No"
"0x13d0255b18f45931664c343e3fcb5bcd6f98f725","104789153354.607","No"
"0x1c985186bc1ca5dcf5488aac25aefe5ec9021f1a","24612862601.7803","No"
"0x936bc9246327edad152c65d1d2259773a652b863","124949.905441454","No"
"0x3b400018427d7b7174cb30e12302ec180407f46b","39567.054454581","No"
"0x84a1623c908f241bea0eb2c436f325762c602a14","247882.441724342","No"
"0xad4f563d6a643a06e95e1793cd5b7928e3385673","387.525442468","No"
"0x931303cda5a8b8ed74c74f940edfa55dbed2d3f9","11082626635.7417","No"
"0x573723caa31e5b60b0c871dbe8783bdce446e04e","602321903.789183","No"
"0x43a860cb37f8c8d9614875d1e944a482f4b73c3f","11397554.5105562","No"
"0x131bb1cb5dac925f11ee1cb15d825cde35379cd0","319073.970044816","No"
"0xda5da8857f4c9afe3b433f0a2a889c087da6a607","130560934290.129","No"
"0xf4acd8d712aed087e2f57d4894e50184e81128aa","459851.644736866","No"
"0x07220c9bbf5fd9c70392b644cf754d87af08b38b","200255626185.278","No"
"0x662c5f375416d30649979e22d7ac8628d46ede98","4770655580.8553","No"
"0x6d9b4084977a629cc7a84dce077850142d29ed34","14323.756226345","No"
"0xa87c64a5a80710a0e3a3b9deb52cd0481df6ee61","84276.862546377","No"
"0x10bb95de8bfc9afa1af7c4da3aaf17f898105307","3687.014660731","No"
"0x929827883b4f999ba0bc2583cbdc542bbab917b7","9135463017.95644","No"
"0x2a399833ae3619cf42d1ea862981265cabf2dcdf","1088.438344703","No"
"0x0d07293df49d953dc0816bbc4ecae62881640b81","4266944805.55203","No"
"0x2554572cfccf1337d5bcbd0090707595bb92b5b8","8880654261.77021","No"
"0xf39b576c71e3a65b7cf92af496e25a90bb75c089","861080661.573565","No"
"0xaefcbcad09d299e7292f810a38ccb067b46e32ed","288000199.679447","No"
"0x338fcb3f59f16a4bf3631a27960fee92367159da","3227.827114987","No"
"0x0bd65dc009f54a5278f982b013717813dcfde39e","48180728697.59","No"
"0x3a693baef00c99de69d308a56ad1545c862ceb5e","17968041.2920296","No"
"0x30206cc64f34eaccf76407c57ff020749e7db58c","1940980204.73627","No"
"0x5d0e465fe0b184e6b41c4a198ac0bd6c7f4b439e","186670.386876038","No"
"0xe20f134b3da3466d92aba0a9af33868d31f3cc1f","19184806479.0803","No"
"0x625e695f75c684c2db389d165dede08edb03c3e8","500966343526.03","No"
"0x73073e028f19ebff54058e598b26199eb17e31b1","2256.433123877","No"
"0xbf9a5e5e6663f355395462fb92e4bb3929a1bd85","33373949858.1654","No"
"0x6651489a70d5bec92d7ddb0923d2b850f7e5300e","326408.376075663","No"
"0xd047912cb45c958c88a7343af0fec23551ab3fd0","10722641604.1024","No"
"0x0d879ab52389f2f8d8022e4b0741bf41fb702238","22507.784161729","No"
"0x385e9b440d86f3f1414544c2e188135626c5c809","18256583574.4987","No"
"0x2d94dee29ec8ae196298eda86bf9a2c81823411c","12388370436.6593","No"
"0xbb43ad94df990fa4983a8808e88d8d01cc64c0ea","100000256918.607","No"
"0xaea30c1eb979837ed03dfeb76c3c2228c50a5648","426756.805359858","No"
"0x503c0733dd35fe4be2d2067846bed10800b2852c","14367.653377383","No"
"0x64ccc1bcc6e65b7388b8942570c7862127bb4c32","233151.469426077","No"
"0x31d5d2eded9b86ca12c13adf80e4bc2b8fa7775d","30856916323.4926","No"
"0x4f1387a1f062386a361bac63604e338f93896639","147277399548.143","No"
"0x125a6cb09d466379248b6fcd322d2a067237076b","30250721380.4226","No"
"0xd56a1bd834dda5da8dedca6749eb185f769d6e9a","1903540.36877632","No"
"0x2cc38ff348d569476eb772e5c720d85a151432be","141367704424.367","No"
"0x6a5a42e5fcadafeb7c05b57c1427e45c3ebbb07c","16866085126.6553","No"
"0x13629b5ddb4bcc0e51ea74f56a22feb5b12e41ce","151506159006.417","No"
"0x3e1cfc76b1d1c2500585cb465fd052818f810e94","2697804539.71465","No"
"0x360952e5f7938bca0919ef3e4a1a7d4538561ba9","38286.073989449","No"
"0xd89654f93314cc4f09a0fb0367cb6b7a711998cd","13651751629.6939","No"
"0x324bbdf4f7d25320f5785ad6764299f9ea59675e","11910827615.9433","No"
"0xc403138057da5a14862beed2c639960709a6911c","1069646.16814686","No"
"0x20f129103df8a9643b06a75caaaef3dbba8d03f4","474553.745593693","No"
"0x36d2971db8c12f52eea2ec78e094d128818be37b","6414700686.38089","No"
"0xbbaf24ffee3a5973808d88250c996fe5a28b6d4e","10560002323.2005","No"
"0xbcbf0901aa98f674ed231568f8af71d8e2de7040","922944.212951556","No"
"0x76cb885eb908ffc83a92d430c587f636cec967c6","7430707.23818536","No"
"0x13779fbfe48e270de4a6901d683fc4f51dbf6f98","9160707275.37484","No"
"0x4159fcaefd2216a1b581587ca97da9f53e8ba163","773304.183666363","No"
"0x6135c5dddef27b60619705bdb61baf78cc1f9ddc","13132679456.3291","No"
"0xf3b473a421dd0e7ca2e492523082f7e2f385a156","16709970757.6275","No"
"0x00fa0c2337f9e2e347f8c456968be7166668d8a8","58448.621679836","No"
"0xd58bb2c9bff4cd6b9885e00220387d320ae9f61e","96000145.173885","No"
"0xd1fcfc8741b4c7671c8d85364964404797f6ea75","27848485422.9977","No"
"0x49900b428afdf0e3bd01681fe2a0c8d9d4b2f836","20362535601.6098","No"
"0x715540328d6122744a82c78521bf99e4cd1b7f47","8487381137.00344","No"
"0xf49242005504d4e2415bb7d7118e800028940d96","108737.214499986","No"
"0xb7269bf515fb5c5004ebc5c5c8b4866f2a38591c","10587662141.5309","No"
"0x585c2b0d3d6cb5de9a476180d3df871cba2cdc75","21728.09739242","No"
"0x8b9e78012b6b9853c3e7bc5ccf752465aacb8134","86243505516.7505","No"
"0x7795d06b51658fce07d408a4ad833633a72b4fb9","1439635661.32107","No"
"0x4e07ecd5c213cbef020c1234706ca912f03a76b2","10000083856.3834","No"
"0xc7ba25c1ab9deceb2a726b3ac77cc397728b0aaa","40473182981.6037","No"
"0x3b07cf9ed087faef9d11fa466abfd5528c820e55","10996326391.0881","No"
"0x93c3a3cd2463963787391532d06859684bbc2fa2","723.515265148","No"
"0x27b1192d10cfb1fac1a26038172e8e2509945afa","20557189240.3696","No"
"0xe66c7e26d408c19d306cbcbae6fd78bdc1595926","79679347736.666","No"
"0xed1d37a363467cd0f1af77c994acf63674ce3bd1","246041.233636273","No"
"0x7be566112d1e22575d2bc04c70f2bab741e32a70","232551.787522289","No"
"0x4668cad040f3dee3692407665260fcc6da5a6943","135177860531.86","No"
"0x68f329c8a4bea35689c4d519d3b91afb2d6014ba","3444.404412223","No"
"0x6dc74414d7c01eeeaef1113f7a5e702be819dc41","30706.037490918","No"
"0x93bf74fffeef0c48971a1a2f90e8b53cd94c61b0","18031.114639879","No"
"0x7a120d3150530a1cb538711ef04623aa8d90ff4e","85370.692206046","No"
"0xefbd069118b01e944213a1905798bb916005435b","29807413612.1957","No"
"0x026f8b31b8a632c4bdcf7fa414064647ee635046","2648346611.31774","No"
"0xdfbe6d33a33f29019edfbefd86a9ad736770cc7c","26981646112.068","No"
"0x282e2f834a4f1dba2f6c3e806d9ec9474333b579","1.9E-08","No"
"0x054eeb751ea13c4d9096c8f33a4138d9fa9b04d5","352701946048.336","No"
"0x3d608026a5a9a55e26530fcdd809d3a48200ef76","1476558432.86597","No"
"0x335dd7a3a051a9f7e3801037328565e8cb42f903","10000013225.9117","No"
"0x616f12c4f1219e14eed4ee98223aa38572bfe58e","640827012395.128","No"
"0xd9d95fd1cbb5589fc801b0e77b500615b5cb5573","450073400036.007","No"
"0x4d52335272d46443357880bc836469fed1629177","38314520431.0772","No"
"0x7da5223bbeee5e2f69e31ce3a10a2dfec4c4daa6","3977.933841632","No"
"0x96c0dabe628850076e311623ceff2fd758eb32c3","167851334250.293","No"
"0xe01208bcf03b8d85d1f389e65ce36245182175f6","977.973023262","No"
"0x7b327e8d6955a7e2c01f7751686220ba2f01fa06","420029.219871335","No"
"0xf936c621bb598ac80b06bf4c721f5908b98ec11d","1021722121.13674","No"
"0xbe3ef3dc161508d647567cd971760a855eabd47c","32147944434.2634","No"
"0x78486ed94dbad06f093119f8bda0402369e44e89","9044997239.74497","No"
"0xfeb1237adfcb458e446405679ded1c4139440b52","9600001920.00039","No"
"0x001a8b6eeb2fc202885ce8df8121c1dd8133b932","7920.793959159","No"
"0x4d05a55edebdb023cc2619f45ecd9b51e98550cf","2691581.05817778","No"
"0x88b1cdc63ba51615af19ad54251192fe95f7606f","45845.252239812","No"
"0x5044fe220616187ed454e647e8a8047f41031f30","23260811272.1891","No"
"0xce665aa684a8245a81ff7f52f6c3da279b737c91","59093944030.4062","No"
"0x2b04759f5d63f331eec771d0aff982e557e4c4e5","225505506527.564","No"
"0x5d8d939ec7144514680fd73e84bdc5e8ed31196d","36823116137.0313","No"
"0x61289edf15d2acc60946215b90e7f4ca5bb99040","17165136912.2059","No"
"0x62f002282e07941d296cf3399d64c1358baa6316","18427983036.3296","No"
"0x4bf045fe4fefd5f0c9c324cc65567f09e7719a4f","2501.244845235","No"
"0x1221ee24de5a6e764ed19932c94d434246ad6542","5900679730.23401","No"
"0x6cfa07325c3c197f7b2e84e38f881a2a48777ebc","22954208558.3576","No"
"0x9c97784d42adf0d01c2ea46d924190063478756f","2290.680430552","No"
"0x658256d704d38ce805387565f5669b6b1084ca85","888271682.41679","No"
"0xa0abc0fc9b56d006598cbbd292ba1a40285c85e8","3725890498.17303","No"
"0x17a7094dd22719d8413d17d9831399e6010f63f9","19593.187543608","No"
"0xed54216bce8c7b186a095c4081a880756a7266c4","10195.387287795","No"
"0x7d4a5c2274cc744cf12489018ef0c2f92ceaca37","2698338717.08474","No"
"0x519b2f1d46a3635f5df1cb4b31d4c29f4fa6df53","13760.91906627","No"
"0x6ce8cf997807608769fedf06ca1f91bb68544859","80970150682.8514","No"
"0x1a2e7bc35554868f72f0061152cb3bf670a74f5d","12873968552.8788","No"
"0x9184e514016765d6fb3ddcb918b12562ee9074ed","10133.120180717","No"
"0xbcfedb722330f65f954573abc01efff03bb9259e","46206800864.7316","No"
"0x8d971f9e6c89fe59e80c735dcdd96d02efb36ea7","758795725.307237","No"
"0x3e3cf3e9540a348670bc18600a532e76c59bebbe","2100000088.33313","No"
"0x2a393a7f50339bf11f42ce332f41148d467ea1ad","14793604559.3889","No"
"0x35b6ee74c6698b2ce0b513565c9c01b229759e03","1635.820707985","No"
"0xbc3a997d681ff0bb67e58c0d6182fed99dde6998","7154713834.5765","No"
"0xdcb5a413d8c059c86b53e4088ab845f3f60a079d","620.301701843","No"
"0x4d2389fdf2d5b0e427149575e132666abb65b9cc","32441359742.6301","No"
"0x1f7cb32b54997a3fbf5248afceb018b5728b3ce3","5169713751.62451","No"
"0xd41929e9a91578bea441f27e55e438f939f32651","10272102003.8061","No"
"0x1839db1736f9f5f25cc591a2e48b0fc844e222d7","107901.257178038","No"
"0xff5a1950161c9616ace4d6a31952e7cec42d28b3","24455.008720516","No"
"0x5e806aa6bd72fdf0480335b7774079628711c95e","167856.123389855","No"
"0x8216c79e9a59cbdc38ed6e0d0d9b5ba1dfa03df0","45046845680.491","No"
"0x5dfc6235d8970fadf28f2685752cae2030d0ec32","4446588986.80422","No"
"0x5c31e8c923402e9a930607efee564a897e31729d","3398555353.1351","No"
"0xba19a33f7b47f0ccc7391deacaeb6778a6682578","70518858485.3913","No"
"0x7daf55805c32b954516198bedf00883bd8079f3d","4423390739.22881","No"
"0x0dad21e739fab98c670b30ac9ec40a1d9d7420b9","171221.281690984","No"
"0x1d44971999aacc9852491c15cfb0e65e31d479a7","261891646531.117","No"
"0x0384b925615e6c490429c620f883f97d6fcf8854","392381275.133742","No"
"0xb04e0658b8748c90ddd3ae2b37199f7760fa04db","615956045.394027","No"
"0xecf9ef00169b02e60ae7722be732d84b9d5c517e","8747509.86933724","No"
"0x2bb3ca261bfdd2dcd82c512fb3cc78f72281e0a7","17490245247.6099","No"
"0xce66c54eb886887d783f0bbf3c10e1791e00e7f4","240568672711.982","No"
"0xaf449a629edeee0ed4acb1c9bfb5e92f7a7c5c26","38847133.2713414","No"
"0x0d8f26ab4fc94377d01f42beea6cf64cd12475d3","958.44175188","No"
"0x8418efda3bbbf25cc64088f940340fd06029590a","9686948560.41349","No"
"0xf8eed1f150d78c1270e3e6ec8d7693f652d280a2","529777.449892579","No"
"0x5ce985518f25efcfbde455a70202c6a932e83728","763580932.332844","No"
"0xe536ff194afece4b29f001e5b663def1f534d98b","50046.069224475","No"
"0xcf96bb066c8e3c4ffcf966eedcf49bc61ac24dbc","1366034.05770539","No"
"0x40c41cb060c6547ce43f55144c2c5fe50f9f05b5","1516765895.24788","No"
"0x742d867a9bd735c6792d341a4baaa3128e16f10a","29306.745147722","No"
"0xc4245203a48dd97ade8efc3f8b0856d5b4de8140","528905361.153895","No"
"0xb4b56062b3d84966540284d69f78c249dc7447da","187240.985409762","No"
"0xd3406e61bae5c2ce9ab86dc7936de1690ac848a0","386.536097203","No"
"0xe1dd767924ba316e526329e0af7d88b4cf4be3d8","853.463976615","No"
"0x945f445c6d6a5858da67c12511a1c3be71757693","266334.612758476","No"
"0x850d586273521c9d199e5e0a395864d2e925838d","2468.501821742","No"
"0x70e2da0bfb6bcbd81db2bd68ed171e714165a0c1","32771963733.0189","No"
"0xbaf8f8a2716b35c64962152cd74ea3d13209b0f1","3.370231111","No"
"0x76e9c29d550eb504c0563777c5676664cacab0d6","591056509.061916","No"
"0x35dd04077aee9e0f9e8ca889ecf4e7e7fd08ef58","400304555036.439","No"
"0xfc5003ae627a054b19f1162be064e71383c24255","15885059995.6949","No"
"0x72057f2a2a683fac156cefcf241fcb7eda6f0ae8","425048039.007891","No"
"0x82e5945ef52ff6e3963325edaebc9b3c20f1ce38","208409727604.019","No"
"0x27ee957fcbd2118f564e36b202e8d3b2222989d5","4286221951.96101","No"
"0x25b848d18c7dc4c128e7ed6586ebd2dc19ed03e6","16879017454.1951","No"
"0x319444bf4c29a4954b6375a66d34c21f9e9c9a86","787092612.925449","No"
"0x46eb37e6b3de722331dfbd961c40f1bd43afff60","4330793235.89832","No"
"0x9d4818630facc5b8e7468adccbcb51eb22d8dc41","482238198.048423","No"
"0x4f4ca5243256dc86adb44ee624c622b4bc808796","412663.216483873","No"
"0x18069b12f862ea8948e3227675b927a740522437","60534.290006145","No"
"0x100f84247889b122edc3933184486175195e46ad","698585497.354085","No"
"0x9f4c583544afe5af1d877a92986a9825a23f262f","43556581447.3389","No"
"0x6689b024790f0c409e3654f3bd8971232f7face0","138079031315.198","No"
"0xbd06b0a21c6cc98abdfa2e7df56d3bf8e150e77c","108.793070418","No"
"0x0d59d32027ca8a7315e2c0fdb3352ed26b0ee7d2","2149910.62841788","No"
"0x526e1c690598ff7e4d9a6e892ca58571bf2e1567","9310120581.00727","No"
"0x75ecb37bde56a7c26e8c33475e0a7871778a0978","6613.128720995","No"
"0xb48530b691a4414cc5a9c0653a6f5929d368e3b5","2599583446.03336","No"
"0x8bfc67647ac3a07372af3a3d5ee5620261325f8d","11643158482.5984","No"
"0x77760a049d20d036824e67ace79ebff01d9275a0","3099188040.37687","No"
"0xa7f3bf4db73d24578e59d1bd06d7e0ed1b121c6a","3510287970.31472","No"
"0xc010e8ca22b3eed4b9e6bb3966102a98f3ab97c2","827771811.521946","No"
"0x5dbfce87a95db9e75d998c41268c5739379a8eb6","1.454804508","No"
"0xbaea1838104e686fbb427c62d651bc32996175c9","73364157491.6129","No"
"0x94100d435f35313302dbd4a2a6bdd0063db65129","10914439087.6709","No"
"0xcd6e8a7e732bc25d37e4f1b57b9205b1916dbf20","13841957135.2258","No"
"0xc3c0f4b8b73aad4109b90a724ebff129b1f8513c","107029256071.401","No"
"0xda664d48c446c8b9f4a19680787780331da19334","12275024790.5571","No"
"0x2dac467377317606e9d86fc6ee260c7e3d406054","10000003194.4758","No"
"0x067480355badbf581cb3ca8f63ef51e8523188b7","48000048000.048","No"
"0x4b661d7e492be7d39932c0694f6cac5cde1a0bb6","4288.945246814","No"
"0x2dc9835ab8affcc39abf86a9d965c09bfc4c33d4","536585395.620871","No"
"0x561641f00147c73cf535523d6b0ee35eb8a0c2ac","6360695959.7963","No"
"0xd6589449023e0f1d733ea4391aed21e225a478ad","21350622626.993","No"
"0x0fb979fbbb42de02f1b221f5bf4a37b546b9dd7e","19901233.1115595","No"
"0xda0cdd69dbb263e9a2c4057a84664e1fe4338420","29062066644.9084","No"
"0x5fcd7dad0546f2c1c84d448cf1b03695f263fba5","27768955375.5864","No"
"0x867b5324ebe0a0810729087b1a8ca81a27d1009d","66193595803.97","No"
"0xb0fcb107845b4b6e19f71089dcee716a802db3b9","1873.575437093","No"
"0xd067924df0a6b3abf57598c676d001b00f8f2ac6","108972407451.913","No"
"0x4e20b7dc29cc523e8d717633e8abd53fc806bc52","3487457606.45708","No"
"0x591cdec43f902a6621dca25a7dc4968822716e64","4653.743889796","No"
"0xc9f4f001de059e6d4e588fb1beecf4cdb494c519","18445798983.1015","No"
"0x3cbb95071802162210db129b07f7f242137c27c7","181405125170.153","No"
"0xc67259e22bf72ab953a986914a04be27d40114f2","7931739285.41641","No"
"0x1a622440c2f34de39d7451c76ae6420f9fa5ffb1","60101029943.4666","No"
"0x28f833cb43496cb4961f57c32a89c12d33f0d88c","13051123265.999","No"
"0x1eb5439adc33e99461f1d0d9ae6faa863d86c422","60459136184.9344","No"
"0x5e90e2afa2444c713b7dbd596790f532e6b1da1d","23570279006.8652","No"
"0xccc9522ff4b7311e16ef87338632e184c4fa9a23","10091522879.8648","No"
"0x0269e92c4a866e72913cc21f8815153b70f2d5b8","3606464069.03801","No"
"0xe8a30a34ba93de71fcf77e2c4bb228e982976f42","45643.115037166","No"
"0x02b416c06955b6c5f2a6301096c9c6428ee36ace","25540619321.1049","No"
"0xbae2fa9f3c23b2e22a90e34f5dc396e8a80c3265","16000006083.803","No"
"0x59d5d685cf797be1e7c73ba206d1600e1ebdd5fa","2591530806.47732","No"
"0xb794d6a36636d7ce97388b80193898ea03231445","804543977.532308","No"
"0x6e08aab325257372c6c0265e4f7ba335c1c554f7","3140050498561.98","No"
"0x082bf2d0049421e4f858ca74dfc1167524c0fff8","2063.23138839","No"
"0xb5ed1c3c38c513fe32352055721cfc6daa7a0c32","12480813470.8815","No"
"0x0ef8b7013fbd5584f4ff00e26f517d4ec35b8cc3","126327037764.665","No"
"0xb6b8d91dea5816ed25eb4c8001071e80315ae209","659.590197288","No"
"0x6cdaf755feb68e8829b1fe32e9e2db77abded1ba","2881145221914.95","No"
"0xde050c599f8bcc27e117cb167461c08568ae5d50","83464832866.7844","No"
"0x41d0286b32c8c8804a6a66595d6fd8eca8d76531","104650.232500477","No"
"0x42963f5f6e49bf5ea504965446427f3f1a2197c7","844923548535.319","No"
"0x05c5532753973ef79edc54dc575d77ff2b17a193","3308945713.02416","No"
"0xada97a0586d194043a7a24fd0094fa4a5329923a","424845840.617179","No"
"0xb3af64da913718e0aee6ddb8b58b0d8eca6da3bb","1851.996082006","No"
"0xe49353f6b11a552f0f44adb37f8628bd44eccc81","3663.13877912","No"
"0x4fa3ce6228611739383a604599cdb13c5cbbc473","10852307734.1464","No"
"0xb8b451d6dea287fc0ccd636c4da5d11e5e7a406a","6122369602.64123","No"
"0x72de3db650d76dd64fad385e0663dd2d94be08ec","834.025450848","No"
"0x1fc1fb42894b4b6ded58abf770b36f478aa3b234","164642690799.994","No"
"0xa92469026de6182efa0b57eddd4247f125583b01","9983.742102154","No"
"0x348ae4e0ae3513b0404248a8dd31cdb7dec0f42c","2749.857467451","No"
"0x3ce15a87f76634fdb2f47d054a3d929e62d02944","49762930228.4223","No"
"0x3fe369c7ccc4536bc4cb109a58aca402886c2788","7354752324.15253","No"
"0x19c1cbb659bb991a8ff6d80dcbc313f67bc3f4be","10190069429.1659","No"
"0x18ca7a297a31d3a3fd2865e86f22880d39840326","5081495598.51734","No"
"0xf3f9060de56edd7bfea2bbeb92c3fee93a4ccbca","507553438.960509","No"
"0xf760a561d75e2b5a85fc9cb8890a35c5ddf25a25","18221513357.275","No"
"0x11c99cefb93ddd42262a78c7b6a7c218288d6c25","2411.178748569","No"
"0xb11cbba6b3dbb7d6f8b095492918efa5239096fa","9261065048.36163","No"
"0xcd4a2554e139679a06430d7b0a05e10a64a428e7","9521766664.02116","No"
"0x9b94ee73a395480e4eb09193b116993ef1f9e6be","4999757320.78272","No"
"0x02829e04a4dd8e318592d0261ecf884a926436e5","10859.727699358","No"
"0x4b9d48c718cee8cfa46d279efeb6e0daa5adf3ea","7028692.70954061","No"
"0xeb3026413485ca41c08f3bc0016264b894fd19f5","18645734770.1099","No"
"0x59676deff8976e20bf4de052b637b0a4172a6682","182758418711.053","No"
"0x5b09d6b55dda6de502bbd05f8bd3dad0553febd2","2000549763.24059","No"
"0x6903e05fe06e36b1546609ca81550ea4370fa4a7","5201443866.89099","No"
"0x9de2b5321fd4e47e3ee24953e43d4fea2ed25017","877392307.522188","No"
"0xdaa506b6d483b18cf6edcbfe2617b671e7a526ec","18441029369.0267","No"
"0xc1c1b6a786467b511179d9bd99c8287fe32fe42c","88264422.4483796","No"
"0xb96ae3fd957bc6a61b88541c92750eafa72fab3b","18591950.4072013","No"
"0xe2513c30efc6cf2988b42b74ac2e89f8d8d9130b","1327721862.68598","No"
"0x65fe96055fb87943ceb18c468983ae6a9126d10e","1724212701.72686","No"
"0x6bb9aa1de0e10cb80cade98948b070d1e966c351","33439940227.7127","No"
"0x561e69daf55a8aac45e5d6178256fbb815640d0a","387712.818615713","No"
"0xf5518a271ce0e092e9cf7c0fd2d6414e58dc3f06","4182042613.00142","No"
"0xc00144ef004955028b6a33b5f6bfea94496ecd95","10445772985.4642","No"
"0xec8b795494469f64dbbaed8d1f87eb10706d9329","15643715349.123","No"
"0x41f81989d5f1583397cad6e6273df6084ef945ba","9951770139.72445","No"
"0x7f76dee99bd95ddeb81c97943572643fb2df7de3","22359645260.1006","No"
"0xcc5dfffccb5dec7c3431a9cf290bf32bb9676690","7597775921.97689","No"
"0x3c9da53e20384e6afcd0fc490ab2f040f5cb47c1","197015578.757554","No"
"0xf30a9cc9c8bb4d7e82c1e6820bc5b693f610406e","28383719288.4903","No"
"0xa1a1ab046322fa7497c5c65b380b9145d51a54d0","35230218949.1238","No"
"0x7132a4b91f26371a82c9dc2b94a1d71772fa8263","5013649321.11771","No"
"0x096732775d86ba6118a222a4246fd4fa8ba669e4","37788071576.4388","No"
"0x14a33a4562cf8062f143d4d4abab9ac9f6e2360d","2248.519108757","No"
"0x1ab1d8c244272c1462a349f12b1be63086e47fbc","1915115712.41217","No"
"0xad9686ce90b415dbc2d69a46d2e85734fae6a86b","5829.819522736","No"
"0x6f7047f8582a788f9ddfc6adaaf18bd54a1ed80f","4153802686.41031","No"
"0xfe84d56445a79062574e23a57bbbf93448df8351","2461.786260068","No"
"0x2e971d7e66983945f840d319c69ac2a3fd9da07a","60519.098414366","No"
"0xc97a4dc8003eadec66ad74fae92c6108682a8b53","14322821804.6194","No"
"0xd2f033c61344981f31b03e53be207757dd91d5e4","19201447681.1551","No"
"0xcb3176d85b8d4da62800d0d860ee7fcfd198d2e7","5242052249.59763","No"
"0x21dc1fbe23228658f2d7eddda177b3b1a3536e07","22171085731.379","No"
"0x9f8880cdd0b94f6fdad7970ab6c1316b91f64101","1172167760.40664","No"
"0xf4be1540e464544b2303eee89178a15d22609944","25318226152.8417","No"
"0xa95647ef2f8d2e4cf49c94fd22d4248170994dcb","18373441793.3014","No"
"0x704534eab450595ae27f10f4645e75baf81d2b56","842167593.423669","No"
"0xc1206c8e68165eae5fd6b7f937f586eb341c71c4","15766747792.6368","No"
"0x1e5cb4c6fd4ed4147818de1c12a63d0f97c5240e","72978.531702546","No"
"0xc795957469a9a8759bf001e64bb21a4867a07bbc","145908828492.82","No"
"0x3b4bece4ac4bcf48e12c4f2c70f9d32498e913e2","2474.477820335","No"
"0x94ad4f82552d8ff8327b36e5bd078308fde5773f","25048426934.9068","No"
"0x51c6880ee353980e97f16878ce7a678052f45cd3","46394622096.6863","No"
"0x26d46fe7247700f75df83d30ececee09be93f693","9396231669.99824","No"
"0x38c4e7fd57e430f69a0ca546ad6da0ade882b1ef","45368.49691337","No"
"0xbfb210a0f009e51267da113cb243d984eb5fcb28","23671811571.2464","No"
"0xaa750b9d6c68810246406e5b99538ccab5dc04ec","1333430437.04243","No"
"0xebe263fb931f1c8f56c37d311e657f80f8e5a924","2827606602.10163","No"
"0x6347f4494994c8f7d8a0fab6b07c660a8c158a5f","16453167050.9406","No"
"0x10d876d12dd968d547f496d372856b1d05e02aa6","877361551.452575","No"
"0x413dee3d9825d9fdcc1e00fbcaed0622f5a1f9ac","4385280163.82181","No"
"0xfa9017e09280aca3779df3765271b46e7a7d75e5","2.000000367","No"
"0x02bccfe9e6ff1dd6c71e11c149edd0c99055db76","1842652608.51482","No"
"0x6d74bd88d4123ff0ff483653882aefd674ec7aff","177423.182261266","No"
"0x10257d21d28910ecd920c51928b6c45c04d4ba0c","1351.385128501","No"
"0x938d432d27a317e3a785be6209e91d047d31052c","103626565278.01","No"
"0xd60e3a11d23d52353cf48eb328e7853679b7b746","180780509615.971","No"
"0x5eee7cec0f41e143c8f4f4ee4b80ca2d3b4d3272","145.302189657","No"
"0x182e9ae6dbc8cda8483476c745c9e104816cd009","1340977.71240419","No"
"0x9a2b750bb4da6abca2c8c1e8eb27472b68b75ab7","34648417561.733","No"
"0xce315035d4ebe6030e3c08e8d6ea1d06456dc68e","4018934737.45656","No"
"0xfe68ddbf931259e9be762afdd894d0af446b5850","2529.784742037","No"
"0xd648b75ffee7b1e5857727e5a4d2267bf2783428","21563976063.1165","No"
"0x7b19b42564ad1c03625e8306cf20deea2f923a67","42962386312.1427","No"
"0x6febe471d9b979a7a0c558184515e22715db5190","41832101916.7422","No"
"0xf0d544287ea524d1e5899874a9f541ce339f2089","1442.665893949","No"
"0xbb8b60788e87c2720377458ea0a7875b3e08d691","19772219103.1751","No"
"0x19e7546487fc27efa11708445112f638043dad22","90905895395.3518","No"
"0x8cf5f80a3e25e8e3ee5645283b1ac4a02530d212","3451449849.13719","No"
"0x7bff1c1704a5568649cc7eba017adb2bcedb7601","3220.132635087","No"
"0xdf466bd3870d62b18882dc957007d777e950674e","8877.117883245","No"
"0xa334d6154f75d502cda28b331b2e1b9800597169","870501448247.891","No"
"0x4c258f1e9ecae4412aa8bc31cda92d0ebc949262","2686712377.27616","No"
"0x43a82521e5b0d8fef13ea0a67697d65f0506b806","15493649149.5552","No"
"0x4fd122f5581b4068cc9bc41cde028e0bbbcdb4e1","1264510.99357662","No"
"0x91ab8aa2e5486da7e474f030f887c3e4026fec0d","2502229003.9702","No"
"0x02e6b93f881697cbad628d54b442c24776a1b3a0","288000028.287509","No"
"0xc06629a04eef7c8f811dffe213dc2521046169f5","8853.293456385","No"
"0xdbae66d419ad0b48b415a23b3167e891abced92e","24580457139.9496","No"
"0xdc36d95a647b52aa0890aeeb16186a5acd5299f9","428438.849097573","No"
"0xeeff57f8dd49a0983045618d7e5a58230adb8929","123395.958784347","No"
"0x0e380804e25b05a36dfb0732068139bccedcede8","9269736527234.57","No"
"0xf81ba8687517e4ec683091e6c662c7979b79da7d","7911.159878531","No"
"0x4fc0dd7968aea13ae824643ee4cb4f5fd11628ce","19293824657.2797","No"
"0x958763ec0c95fbe6861c2ac83552227547f49a56","95615125705.4557","No"
"0x0ed1ba648f9453fea18978144febdb98e51fa845","338343141126.216","No"
"0xbd463c18f0f0e39b8352ad83c2d6a5ae45b88e9a","132871844917.578","No"
"0x5f07b1f7b3631991c0a301dbb5f06ddce3a61323","90.960165012","No"
"0x11e5e82bbdbf1847636023b7982c4e5f20aace2b","755646160.928738","No"
"0x711ed352b55fa2802ecdf497ae032d2e775e13bf","3305128726.35718","No"
"0x026ca8c9c2c458a9f8dc197d09b6d378fe3dad4f","5760000691.20008","No"
"0x7bf37234d1a0784bebb31f364caa7f21a6cb6bed","14448004348.8493","No"
"0x506086b9e02c6b762268e2929e0277a8d9692db1","166751.617911554","No"
"0xeb3257b17a100cd755a1c1bb51559bc877077fb5","22579685251.6179","No"
"0xe1e2e21ee91d21ef12b67dc65e1966c98fc3bd4f","7093.493826352","No"
"0x2dfecab45612a59f4561b3a12bed9a2cdb33b130","1920000076.8","No"
"0x7c743c4636d9b206691585b2ec427682e1ee0d61","2373089707.99197","No"
"0x38bb05c84bc2357526bb2d0bc4c45e0db43f9908","2352000115.24801","No"
"0x003af44994de26b5b1481a8be6692a2d6dbfc8f1","21088490567.0321","No"
"0xf93e6943afa4dc24a2621363e789ce8dc329c8be","4332488487.10754","No"
"0x843ff67cfab869f85d347056be001321d8a58411","12422601546.4712","No"
"0x278ea2d2155be3312450a1a194cc714bb147692c","361215206.786137","No"
"0x309d0a94fa81ddc5d49d02e53d8045dedd0e83e5","4943573678.52296","No"
"0x3c88df01f669c0ef866b0696b47da44e48268bfe","681601568.296864","No"
"0x47d265f64a99b92aae25adf95429eb52c31f94b7","1.000320026","No"
"0x41476e6d964713a3f14dd20a8bff227972f93118","1288026966.77373","No"
"0x0ff5cb7ebee20b24ef1b44d19559bb4d19b6f632","640381722.697244","No"
"0xb6f6a34d94d7e68f37901ad8a232c6e5f1c86d16","64284505565.7231","No"
"0xed41a3ce6d6f4dd6289cc66efe644e4386f1c76a","3949749028.58409","No"
"0x79e1b16f24b81116c596247312d22b832494f6e5","1025097392.73423","No"
"0x1697e7ffa6c0f7d4cea4ba17ae14c4df3fbd5488","5799.681778304","No"
"0x9b8eee17e1ae52c4f6cec0b0419a5726d2b2d3f4","4258658651.00449","No"
"0x88e8e5f8e058e8573a1b1181489dd9e8e90fa5e1","43881891239.4857","No"
"0x8cd886301b4dc950c7a6a1115dab8473277bdfc2","2400000120.00001","No"
"0x2a986a1611386c02b6041dd7bba2aa53dd4e1826","5878811021.9692","No"
"0xfae5915a9a0d9bb2f7b2c30889c87ba7772c4d4a","6716515934.93528","No"
"0xa6c4bfae6b9b1cdf7d6901858f8e1ea5317029af","22796190726.6996","No"
"0x5708bb4e3cd578c603988a799e2a7201919836a3","2153856261.99252","No"
"0x0848c8b1c4e9f1f0269d082f0be8ab8f25fed0fc","19054129310.2326","No"
"0xe3b8832145af5a124e9a74f16d3b027f1f05916f","576861688.742367","No"
"0x7fa0e9b0222d9f47c8247320aff8e011187c3e8f","3521237637.87669","No"
"0x6c3f1c69c0f99f4b321d3dd2d85304a334c5b504","4811041894.76191","No"
"0xc414acc1ae3d0f6efb2e5b941e5526f62dc056e6","3625075230.19281","No"
"0x6bbf4814ce5dd030cdf0fe91c5d35969d461c8af","2880000172.80001","No"
"0x8ecb5cfebcfb27796f442ff2f46a9c15e35f87c8","41214.964237211","No"
"0xf45760a645eeffd5699ebbbd8bb53bac4eec6b06","2981118102.86021","No"
"0x786555b495597850186a57e5779709809cd3db81","12059412407.4754","No"
"0x72ed28e34ea2bee2099cf0a10d1e00ffe8a8cf81","1850688071.35513","No"
"0x93dab9c9c1eb273c6ef747b7e0c2cc0ca6f607dd","713935360391.972","No"
"0xa5091a5478028a2104f84bfef6d81f1df60af188","48452791068.9228","No"
"0xa31b6afde05a0aa1ee79413490cbf23878f24109","1519009175.62636","No"
"0x53ccfa14a64c6020614eae0ec252b3b5a7592db7","5511573254.00372","No"
"0x4086b8ed5b6b420ed741847f5a40abb9fad28f66","793766392016.398","No"
"0xdac0be47dc3af3e762c8190f7b21a89fe4479a2c","1235233561.01841","No"
"0x0bc121696f7b9b67111694f98688d30e0ede3a06","1302566082.13605","No"
"0x4aaa75caf0bbf52f567a108d373196ff21a6b5df","6520617237.6703","No"
"0x03655efd23109a288e26c56898d8017b46205eac","4889230504.33306","No"
"0x1668230f7af115dbe442884b76ac436c32bf76c6","5122092978.97632","No"
"0xe151cc92ed2f6b69a503cee1466a43b2da7eec35","2672325268.62604","No"
"0xae54a4fdd7955c40cc811af9c24fe7ebf2709320","5341935462.74392","No"
"0x5022e4502a4566223a9301c6597eeda0c3a1b59e","960","No"
"0x1bbea62a08927c4b16493b5c20ab69b9dba295e0","960","No"
"0xb580c3e149e8ddeeab0a175330208f92fe05c134","960","No"
"0x9f2cc1f681b104ea8bcc74b3599251a4474bbb88","12474462994.2505","No"
"0x5dde415892293ae645b95bef65e8b3e1fc46624c","960","No"
"0xcc64ea842fcde4283cf239259f7462ef809c44fd","960","No"
"0x86b695aaa2600668cec754c7827357626b188054","960","No"
"0x3e76689864a2e533fe411f4a66f1c28fd8111954","28619264945.0636","No"
"0xd968f577e4b3acd6a68c733a83684ebf62d237f8","1673.182090022","No"
"0xeb5b1307a1a0a3feabc6c2e1ac8d0887ccc3e1bf","713451877.455049","No"
"0x95346ecba5d626c0196531f28e82875b540a6c19","2546858124.15226","No"
"0xcdfa57876b844068768774c6838d962a1ad39f94","170707633.052659","No"
"0x73648b8b539569a726461603fa2d075b52db03ef","1056000023.232","No"
"0x11d495c1680587461d0d16b6e185eaf2970a1a51","1.3E-08","No"
"0x34390c74509de03d47df70dd87fd2030023e82bf","5.101429522","No"
"0x35932b19b562208c3b82f13a8ae178d053dbe9f7","3244432809.77499","No"
"0x991d41803a3726726def35a596e326cd1d7685eb","17016477151.1288","No"
"0xcab9c907275958cb2ceaf8d8ad7e915b1d2f290c","2682494157800.51","No"
"0x6f43c46f8a1ad21fe4a8e20681fb5c020ada5155","1003781154.15643","No"
"0xbd28e5ed10d72a83a9d794e02dd53e9e1c182a5d","37581500682.6809","No"
"0x1c439f55018e2b5c8bfb672bfcf7e1ac80601847","950516178.822521","No"
"0x1d7e9f71ddfd1c088931c8913a343fc7cd89344c","17460913457.7317","No"
"0x2fcf629c332492bdfde94fd7190168d8801070c7","33599998088.7754","No"
"0x021651360c115a8a998d6b1128b03cc6ec616a5f","12045891022.9886","No"
"0x781204b10f3cd9783d67bd55b382faabf2ee1125","8813025901.59634","No"
"0xc995c79b6b94792dfd5dae41d2578e47a5e1ce53","37165033268.8702","No"
"0xd98d71b6cbb2915921f59485804dc34f367fc31b","844063356.441746","No"
"0xeb524ca48e4b9f5a9df97b69a1524f0e1a2c9389","9476243123.37245","No"
"0xdbe831064ae9b8646de09f270eef3f0076ce9def","453486612998.682","No"
"0x72be28b2a6b12e42000c04757162c3ecd4ff8fbd","261914.474182002","No"
"0x52ead215dc3d490611eae8df5d49b0f8ec1601fc","567862054.152638","No"
"0x37fc4af44a7cbdc7de85905a6e6327ac9a03e16e","20922026240.1072","No"
"0x5948134c3099311c2670ff1e4a3b1ab87c248004","30770770389.3869","No"
"0xad5b76461b81f59ca09235e1d904c4ddfd825453","52894944.0582891","No"
"0x942f8b4b7fc2f963dd471fe6e5b27d79a02c87d4","69482.58256224","No"
"0xd9eca57093a5f3cc8e11c9deec50436708ed52f6","12927420075.3316","No"
"0x0c623710ff6a5d0411dfcb993dc1ccea450c99a6","6020969951.34802","No"
"0x647888531f96e3332b873c7bae646774a9a122de","2443262110.39883","No"
"0x3409ef7ecc5bbf4006720901cf258bee7eb055e9","29397027926.4561","No"
"0x1efba60e3e49986e202eb1a9bdff2b3d34a5076f","3664444602.61453","No"
"0x343a3c7f789335c9ea60932d34be258f643678d9","1997010420.77743","No"
"0x22c84d622405de6a7d7420f7c94731dda54398ab","11880172731.7478","No"
"0x02f544f3019247cb94acb5c355d8c73c80b727ca","7686075865.2794","No"
"0x8950dbbbcd126dc01c061018eb1d953da85f6000","1407635057.48284","No"
"0xd9748cbcfd0c4ed1f74b6712afc2fe4a8a0b5de4","9022387233.71204","No"
"0x771600ace9551da3a9d9487e24d18ee3b9502159","11138501304.2739","No"
"0x5a7db3302253b6badad5060c351053c7b0e7c68c","12597577507.1706","No"
"0x8c698c21dedc5979307ffaed14b2d67ea06260f3","115713516515.157","No"
"0xa645211a8d512b756445ad93e8e0365f06ec3e48","960000019.2","No"
"0x7b987c0833c40fd03d61e25caf2d1a58df65cf3f","7867137480.45174","No"
"0x69c8250d979fcfaa660efb6cec8f4c30beb8e37a","11051251410.5407","No"
"0x8cbaf86c8434a58e4f1e30ea86722d00d3def6fa","0.830962254","No"
"0xff6e86f0ce27291f0c6c1ed15a51d5c393257d25","41558473065.25","No"
"0x6b414fff0487cfffdf86f3f276a09dfc3b760ce8","64.126466547","No"
"0x16fc8190bf298782d918c60e7731b632cf06a0de","28949.389164503","No"
"0xca2ba72dc1fb16641cf7d5e850ee87f96e09f944","1000000078.5685","No"
"0x19eba7ec8ddcccf1882f18b3246d51e8aa522920","3682872562.28537","No"
"0x918bd667003306934fc686c774e60850ae697595","7883476833.13971","No"
"0x6a0d60d89cf113b74947569b193952e44fcf9013","9781549157.18037","No"
"0x0c1a1e5a02e066ab077d670dbfb536200783fa24","79096256486.1953","No"
"0xccb1593019af92e895eb28350402441e916061c8","10744.51329579","No"
"0x3fb929367946fc178c918190ed78f392339f02d3","4268376265.28814","No"
"0x0720545068c6eff57192fe08b89b8a5d5215fd0f","96.917294477","No"
"0x6bd5d1b849a9074c9a50d03b6d49a1a043ee4aac","21795756422.5563","No"
"0x44ad8ce4ff545d640d5753a1f941f5c21f83a65d","3986009237.34113","No"
"0xd37b074c7872cce8d491dba4354530d5a1883bd6","205569867570.357","No"
"0x6099ce1604f89b6d4211517904e6e995234fa0b6","17732.7425389","No"
"0x32ddb044890fb24085479c8b136ec9b74e48c293","127093621.955803","No"
"0xfbab00b86ae8db236ef4123bd941b44b44c684d0","9162952851.64879","No"
"0x984de99cc79ae73a03abd98812c01449e8a8fbda","403035966217.934","No"
"0x5775ff1c224803be090125829119d20e6cc11ee6","7584736.71896143","No"
"0xdf87edd6da172d0fbaca149082e2dc08416c0ae6","5425758340.04884","No"
"0x4aa32ade4db85a3b9c2e639ebef1642e42daad4b","13201875647.0151","No"
"0x34e7b600657c03cde3601efddb82510250c85352","184145588565.823","No"
"0xab3c98a6e44f2631ec2c9f084b96dd434cdc81a6","34018000621.4294","No"
"0x386eefba5398595bc75132cc5de081b8aabf6c73","815797541.939891","No"
"0xd3dacc5d24486137e004c93e9ad309c3d3fd290f","19200007680.0031","No"
"0xf76f66c2881e3d6fb229a93d621a0f5706253bb2","59079162853.0191","No"
"0x8af36daca78c12ffcedb15f1912d99b9527c7a57","69772790505.6071","No"
"0x43abf489f9ffde7596ffd75c1674b78894bf9431","5943.384640136","No"
"0x8d1769256a891805c709052d31f86325d2ae501a","47.35123467","No"
"0xea535e129264be72e484104dfc5f9c40338c8f57","21264321840.553","No"
"0x5c65c130a3d73ce028105a46978fb21754d3f8f1","963840558.394202","No"
"0x07b88acbf030932488f8290e1fbec38bcdf372e1","201785112131.741","No"
"0x7acc8a45489f5d1dcb4a8cd1fdfe957d8b127464","26445200102.4021","No"
"0x8acbb08d2b1052dbdfbc2d2e516f70b38ea33ce5","12581212962.3043","No"
"0x57f16210aac1f0c5e1be1b184f78394ba34c8519","20750314636.644","No"
"0xdd9cc765c7168b307c518b459dc1b251c9e71631","124991575423.07","No"
"0xbafb334e6f8b927f661b015e556a1dd90b2b5b4c","291235248397.602","No"
"0x4a8a793be682d7faefe1cf65cedf17b0c3946b80","594166.829586714","No"
"0xfa2a094b64209a04788a450c934507c0b09c4c32","12311347799.2661","No"
"0x587e789d6bdc5917feac4385c712a8f3e48e19fa","20282041800.1144","No"
"0x4303fc7f2e653c2406531cffab8a55dfcb60c6c9","1072997236.50329","No"
"0xd8fe92c321d912c4b033c0e90b9d341416d799d9","17411193115.3932","No"
"0xbc9f0588a34066fc9985ba7d1675f3d68d15f3d9","355816738581.339","No"
"0x17c402065d6a901978b9aac51741d7ed19e831f0","11586626796.8727","No"
"0xb64772d817957d27ba382e4184a25cac9447a0f3","7402369868.24068","No"
"0xb77c054d522c2ff985a116b3c0b4d0fdf19cb72d","768001613.895283","No"
"0x87b932169e55edf5ba256fdeee8263e331b0a5c1","22762528883.1893","No"
"0xc8036870dd5726e4e233f71b61833c7ca5bdff53","2705477266.67987","No"
"0x95b3223337d4a4f30b02701f01fa738bacb6420a","4974674712.18351","No"
"0xc2201f4706ff8e5c909fc4eec96714276065fbff","59799989074.6022","No"
"0xce8d9e6af4cef5d61cc4430ddb598c5b08846cff","27658208845.8582","No"
"0x732545510dc6c7c9f6c54ec58aa78aa18c3718c7","3949666608.59731","No"
"0x63b250dbe72c6d33f9e082e5697d697214261902","54573.959506943","No"
"0xf8b08e40b7ad3470ea8d4f077f847f6980b69dd0","9016338841.91581","No"
"0x8d00c38acef32bee9a4f35a228914e02dd39b0b3","88135.533193515","No"
"0x3b0363239f8a0127758f12c4fe90d76bacbb9abf","6647703538.2251","No"
"0x055ef3a000fded98b4562ad305db7277828e8451","10488352036.1149","No"
"0x1e0bcc346168c960d33a5b2a8078d96ee345a72a","138118030379.447","No"
"0x124e42872a1d8077126d1a2f2b4b0c902f92f621","392555917.749617","No"
"0x1ebb30c3613d3578d684a5b4888b00c5ad0e3572","14375907607.5149","No"
"0xb86d09ddc07f32e222562bea7393f6a2315451ad","10867294551.2596","No"
"0x1daeea2a4a6bb7de67bba5276c7091bb8989f846","42963919026.0871","No"
"0xa949690a784fd8b95dfa3f7d3fd9dd4fc08de9cd","45826407412.6324","No"
"0x0e941cb48439b85c56a6914ddd3b85c3f0a891b2","1292762138.99823","No"
"0x4797f878afcb030dd459c6022ab1ed385ee73564","39064927793.0696","No"
"0x9f0b4bc8d28fc8718afd6f1e0f6f337c110f80a9","4689773382.49298","No"
"0x9dcf5543f70fb61a4d8b90504f3fef160018cc3d","55544236402.7292","No"
"0x98b267b5ce64955526fcfba20e6f5db0fa075e97","64372829665.1758","No"
"0xb919855a07e625f233933a18d80aa3f78c0e3571","7680003842.89528","No"
"0x3f8dbb5595e77ed80e5e362f7a278704e9081c1d","16338091632.5072","No"
"0x6a908a3b7c658c874a2263ed181c2867505cd1a8","38145687722.9729","No"
"0xc82de8c7dbb524a7d454944ffd7e32820bedc512","741730.739203424","No"
"0xbca5d4e1624ca0a3cc5af4e8e0ccc0508694bf2c","17349.201033582","No"
"0xe52e47eb26927347ccb032bff7cc2ff45d36bd52","18762552971.8444","No"
"0x2a2e1bb4e20597449bb6bddd110721bcefeaea5e","373828749525.803","No"
"0x8e83940711c410dcf00bc41f8b2e6defd0459d05","1012364.8398922","No"
"0xb966396cc6df435e387d119f751d74f1758ba78c","19200007680.0031","No"
"0xfcfdc102f8dd5ffcfc00a401e12c6be6244eb104","7824572807.15614","No"
"0xdcacc41133e07dfb63f96ff6b13dc11380bacab4","19497065772.7673","No"
"0x7660e5550407a4b1e6b55fae7a228fb0d15f8d8a","23642098556.2056","No"
"0x0cc9c19a96d7ee4353ad4640ab8f3e97ab944b81","4328592354.46606","No"
"0x4c88f373b340afed8cf61873f4af11bcc33091d8","5952571744.64426","No"
"0x7610e31ba868749185658b928103fbc943c9f1fc","8735.555771516","No"
"0x96782097b992065dac4fb1c613800723bf16fd03","24558908001.0778","No"
"0xceab1f1ac9bab2ef7b6f7a2b116e512d156ee7bb","40268130645.012","No"
"0x3eebf63e303125698ddd2c25a89e9bd2ab452b2b","33156863255.7971","No"
"0x589b682182d0abbd4ea468256a231642940a599c","26679757701.1325","No"
"0xdd0dcc040a369d7ed337d99dea179ff0030c86cd","242794781485.991","No"
"0xb4ab35269e62ef4523153171d6c1c5ab48f2d155","6527772820.99124","No"
"0x5f4d620c84118b5d4564e20847294c1175fa1f49","33951.852271544","No"
"0x03044dd37b339f122708702fc603d4f4e1a78a6f","39058564190.6368","No"
"0x4427aa89d4419585b86b40e0bef631bb4ba1b4be","158429.787260171","No"
"0xaf6196887f4da989a4db8f6c832ebe47272b5a7d","7159472687.54856","No"
"0x45a7948a59d1afe46a8a070e8fbc284ff90af477","825657695.383525","No"
"0x8707ddaf781d61bcc34db2eca446714fe8c8718f","78393077627.2141","No"
"0xd0e68fd3a6fe0d71285cc59fdcaddfec2d451887","22147672107.6983","No"
"0x82de251dc037bbf590a0ea79b6264b8d2f8f7951","23622.603675644","No"
"0x034961ef5fd3f25dbb91440ad3ce0a119e875847","44077754767.5329","No"
"0x80d29e9efb704ce1c8cdce90efbc48acee7e5aa1","13531846869.8252","No"
"0x537f4126d717957ba0d29517190998fe905d7b03","8339.996973564","No"
"0x973350c5a578c56c22125c89692fc7897dfa430d","2673.442156933","No"
"0xa8dc89c73121dc25bcfcadc0856036694eedfd3b","14689022113.5289","No"
"0xbe333857ed67145c88e04f88d8e1bd66af7dfe58","17287533785.2293","No"
"0x725b841f889e64b02ea2f97da803755143a03e75","51042.180483355","No"
"0x1916eb892e68cdf4174f78164e70f96e51fde84e","15146322823.5071","No"
"0x21eae7207176184561c3862d1d5df7bdb7b80c54","24338.089151809","No"
"0xf63fa7ac355e6fee5bf2dd9ac81dabd9ec9176bb","7907379516.4127","No"
"0xa9f2b8030fd8b7c5cd5e09ca008d56cf34664264","192101112692.357","No"
"0xc0c52a5e23b3298cccb5c9a1b811ccc2256cd3b7","1487675159.47052","No"
"0xf84f1a800d2ac72d9344dba97983fc4a86ae6d53","41124733059.1643","No"
"0x58b57de4c0e898c805821e30be741ef8aaa7406d","3676.671929943","No"
"0x7c2b78619e82569be7d016d01d2f23a17d7e7399","7486953079.6331","No"
"0x0b41b682c5e1c27fb819facc44e765b3d0db69e1","1300023882047.65","No"
"0x7f1be3217e98e62d83e02ce4894bdf2d6fa8495c","5558070527.06691","No"
"0xfaca587424286c5fded04012ae45b5df5adacbcd","68876510612.3514","No"
"0xd606c97bca39618d3a16e5a4d582f3ae57f4d437","6863753446.66178","No"
"0xd90e0e14ef118245585e4adfcc88f2dae7cc7538","12450072797.5973","No"
"0x284145e8ff508f255ec148078408246d98b4887a","32348489375.2837","No"
"0xaefbec435436b17cf477a8146420e22d901b7c88","13858441605.1333","No"
"0x8ddd4f2acc88c1a6d0309fe9b4e174c288338214","1382400837.51919","No"
"0xc87d890e183ab0e82dcb35fc378c194c9bbdca97","27698126669.4704","No"
"0xc291f8a7eace1880ceaa76668f9e6b8d64cbe3ef","55186582895.699","No"
"0x54a1f9674daaad0c61b346bf4018f4dd60390363","84846.417621266","No"
"0x941795be2eade2abfe78077f3f8addc421effee6","19221422331.6879","No"
"0x795c79f82b1718e6355e17f3fb129e1b3c630998","820120545.882655","No"
"0x58c66a1efff09f95934d6de4bae24e5d8c4fd0ff","192238107.92831","No"
"0x2fc5ce325feeda7abc970099677d38faa0f9c567","4664544283.46205","No"
"0x878582f29007182a1ba29bd00813a21ebff3b876","347721.205679713","No"
"0x1d0186d7703e6eb2e776d92d77d76d4d5ade55d7","9999143857.39112","No"
"0xaf4f29c256437437354dc020b57ff73b223c18e6","9725253203.57747","No"
"0xd449c8626316086299d70120e131b2172645f922","1946750074.72025","No"
"0x54e8152bc8e76c9337d6c869401e5dbae26f4c73","1227491486.23767","No"
"0x135409a6e2c64ef0f277626bdc3f589d396df3a5","5793445696.14495","No"
"0x425a91e08b51b1241060d18001c06e8a73768721","29375999781.2145","No"
"0x2e37cd2b21dcaf026fedc9fe68eb89f17944c835","7332050656.53202","No"
"0xb0db9119bc7c46086d8cc39de4f0d6b8686d8c5f","147027102029.989","No"
"0x8a6f5fb03d2f52456281eaa8b18eef993a55cb84","292989559167.642","No"
"0x0583c112adc9ead2f23f5ce6e3291389b9daa645","9119398728.23023","No"
"0x1f3264a06e6f716619fe39a44aea596adf03895a","75142240349.2611","No"
"0x4500797814cf6150236303a4d1ebe2c0ad024480","148811178407.69","No"
"0x36da137b4c13bfbb7cfb37c134e41924e360daa0","1488464579.15058","No"
"0xc264f712e3e60ec08b61986f5f21b74aae1c6429","1246156607.22415","No"
"0xa29050486a353e2c88423b571d5e08fefcc486a4","20740800.0089621","No"
"0x056fa7dbb165bc2cffc8b86bc5a29a01a7dc776f","28792085499.5436","No"
"0xef731d11c5076b983857815f99daf612c46f030b","2499408266.2556","No"
"0x35c77ad7bfcccafde6ef05dc991ae595e312c2ff","20736968959.7453","No"
"0x8b4e36329a295af61a0086201284b9e3f963a048","26549382093.0721","No"
"0xdb802531c9f326998d81d8625394a1370d7d0f91","2946076165.71093","No"
"0x4759ba036d45cc89eb27622166352236ae9aefba","66438178950.1156","No"
"0x9bbfbc26dc0093e4dd506f821140d686a2335034","28001963917.2831","No"
"0xccec3d4bb2438f1898fc7c2b56a4675169b3199e","7305200.28321308","No"
"0x258d8967baa9614e2dd826804d8d0ae114186649","88175549374.3263","No"
"0x9ca8ef3022b6e2077bd272aae166869e65ca60f6","4790370491.6035","No"
"0x033d1529545915e519f649d578ccc049ac19ce6f","18039832377.4063","No"
"0x65240027456bf777b33bb962aa76a6c34c55d4cc","9725064835.26165","No"
"0xe73644ce983493fd4a59855352dcb63bea35136f","16183326095.8479","No"
"0x770c42010bc252b99234bd7f02d2a50f43c8cc1d","51806.434975125","No"
"0x215d2c3cc318ce5ed7cbb7b3b2d0a77f15e50c40","101342683099.387","No"
"0xd8456f030698b3e72a2c6d25004fc19f12f4c286","6823611066.55846","No"
"0x6d0e81ce291928cb02683aad2a72bd051de5e10d","2176828131.79077","No"
"0x768e76076add51f3f5253c683928ea869c346f19","2560116734.81324","No"
"0x8e0f333feb8ffb8e42dd7b4c660f44ac63c4e9e7","34119386492.8552","No"
"0xce02d99879c9498ac5e6fbf1a09289510632e425","18576.7078389","No"
"0x4e8fd06b416709a3581ed2b682cfc66ba016050a","29667462561.0465","No"
"0x03d77733a4cce9f0d8af239d8873c274c453d50d","31736372984.2247","No"
"0x5d20d9744ea86efc86bcead93be0bac3d901e4a6","692150082.710737","No"
"0x085a88682ec743bb99b8afef918684ebaf57d4d6","9736364697.1999","No"
"0x4ed429611304712bc1b2df214b91735376c83baa","109298134538.489","No"
"0xd29b37c4a7070f3bb688ee6322c2508cb76cd9ed","3155295716.44512","No"
"0xacea5a7235c1d14dc3d6d330a2dc245597335262","31506772191.6607","No"
"0xa806dcd8249cc0f7723a5b3b91c5cad8ca70c7bd","37697570749.7663","No"
"0x178d703304b72833980f610791f9e4ff6b4e7a75","8935492558.51877","No"
"0xdebe1087365d293384620d407ec36b00a2f9c28c","9749346339.42698","No"
"0x254e798087fb7e6b1724979930a9bdc899b4157c","10294128602.7214","No"
"0x9622cbe385ec2adc4fa18bba7bd860e0eabb0f80","6671262251.10277","No"
"0xd3c5e8e2400ccd0fb5ec65802e9fb0f995a798ce","21499.442305915","No"
"0xab9d0840e4e99d953edc980edc1893f8c4feeab1","23294.708527401","No"
"0x6cf9a3a89df8ef0235f712c08f735e6102bf7f9e","4999542185.87952","No"
"0x284d94d78f94e6ca0c780d4f83b06b075dc7b20c","28292002822.1462","No"
"0x02622b484c44cc4380fb67667f096df2d278fd83","2011.560897134","No"
"0xe290e43127b3d9a4ec1fd73eb45dbde2a402441d","144758327031.347","No"
"0xd908ce180105713b57c0d81f485f7bbf1a690b9d","22463202666.4571","No"
"0x935e07d65a275b1397f673a1ca6f3764b5eb296b","13796.671797229","No"
"0x1ca59e9ae461f265a3e7669549fdb9ad44d68fda","12294393539.3431","No"
"0xf024a61529035ae3cefef62520c5669d8b584b3d","9221220010.6147","No"
"0x7b8ee35d4613c2407049265349c3c8d6f4ff9453","85573492662.9143","No"
"0xf0f351cc5eee78e146cddd339f15ba00b004b803","6698198556.62858","No"
"0x7718e509f12f82d96105f4f9881e0bcaeab7b8d0","4556160432.47075","No"
"0x585aabbe071821d34ec8b576b688cf43402fe7d4","23600386664.542","No"
"0x605f2334f719571f91e2576b29bc697e8f9d6af1","4800000.00048","No"
"0xd186648e1d6b7f0dd30df1bf50cb56c607655e68","4886267119.69161","No"
"0x784f7c330e7069c0544a25af4613f456b853cc8e","16431150811.8137","No"
"0x4aa02e97dec696a09adf5c1706c698ff92e76905","586502482884.431","No"
"0xa134d8298a8a9dbc25e8ee48518513508991e032","6468468495.34762","No"
"0x804838671658772e41ef79ccf5804e2e22f3ddb2","1641746364.80122","No"
"0x3893e16833147c5f84632a4a05478328389eee60","9600001920.00039","No"
"0x35e7abb9af343f765e6d27be858514c326d4318f","164619991103.101","No"
"0x8c067776b73adb2554a17a0c5a7b826cfd6c8770","16321710172.6924","No"
"0x96fc7865a827039f45b75905a62221b510ae1b8d","50182752.0524648","No"
"0xb9c207b11a5b9d28a9de24d34355e8f42e0e5d74","1680025113.43337","No"
"0x627cbb82506d74edb7fdd378153839f8c5ef22e2","1533303306.29369","No"
"0xeeb1566f8658bfb8ced2280758edba214cc4f3ae","45676509605.0299","No"
"0xe34fa8f17c219486f68605f3638c5504c03cba9b","45587469149.9164","No"
"0xb7b4d238e9dc16df50c2944ba8ef74584d1e25e8","3020491542.00007","No"
"0xc41154b82f4e1db3fa0c988d94a722d186baa1a4","22357662096.9197","No"
"0xb5daca1e523d784f26853530bd8ca9fdf0a05d08","1489862447.20354","No"
"0x5fe2d33d3a4c93570f8d15214b37195fd3337a7b","1.5E-08","No"
"0xbd7e38d16df6ab27a8488561de8c648560bd8aaf","682815885.75707","No"
"0xe0c9136571e4e07f4570b6aa4823d80cce61fb74","12506237364.6709","No"
"0xd75b45613914cfa5753cdfc053a3860561e32668","1377.226256033","No"
"0x52a51cacc0862601fc849998afb6df8f9bac0f12","2511832468.7273","No"
"0xe79f6b3f6faa4fc300542fa2d2d7cde0caa94a41","17034305849.4909","No"
"0x7774e40a03d22269728553fe432bc792433611f8","556159.288298871","No"
"0xe43b0f0e65c6ea3da8bd2773d859713017597a28","155803761.639302","No"
"0x425241dc95489d5a178f279a766b64336fc0ad28","60000046041.1276","No"
"0xab4e147244b5c37c77800261325d6bd712618360","100674899169.251","No"
"0xf7dcff18a9a02ebc0bcff385e3cb4e00bf6fc265","696685531.088713","No"
"0xeb49f4dcf810654a7b3cc719918feebc6e317132","809.996307161","No"
"0x616020dc6f5eaa372b87bd56c83db6ab61ac0c15","2629967830.46659","No"
"0xc027ca40139aa1cf9ff8724f7d4e058ca6154387","8839496999.46561","No"
"0x7c60d6fbe36d8f9b8d9529440cb614ebb695aafc","20355211091.0562","No"
"0x7bca09f81a7526eadb068b46c69b7973e636f27d","8840229024.97843","No"
"0xdb56fb78e9c4b998f654a7fed7b1877d624e3984","200.759397681","No"
"0xfd7a8b3c034da5467ef5b2a32ca02028c3176be2","2516937732.93865","No"
"0xda6ede9fc8e740c3f5d155cd04506fe0831e9646","68672968800.5573","No"
"0x1a9613d09823b38a8a34d7f2dc18a1c811bee122","11576637937.0439","No"
"0x43cf952f6456193f1c7f35511e83ca35fcae3705","26834578638.2999","No"
"0x2b67b6e094cbecef5133fd4fa3ff37956a097d69","182676376080.043","No"
"0xd83919391bd345de48c755b089aa033cbeb364c7","67128322619.7781","No"
"0xc8b98d1adb081a3641145e367c0a1cec49eac2d4","2758253628814.65","No"
"0x5f77c3f7a21f991247c40d285a18a11aed8b1531","29256759942.7136","No"
"0xbf8641831d15c2701ba122981c3d7a6a2533ea48","18255462000.0252","No"
"0x3895937b003f5210078a08118f07b1b4d1faafcd","145931559572.411","No"
"0xee14794394ecb063dcaeaf7074c11fb3cad0408e","26919899170.0358","No"
"0x5c800d551f616f0672e495124d2ab3e542a34b32","59654982440.948","No"
"0xdff3a33ddc78547bdf73d45789abff445e4579da","2977397741.85634","No"
"0xf839cba39b2f5cd78afbc569194ec739d19438aa","0.86740484","No"
"0xec4ae871657a0bd5dd2e4851317abedea121d63f","48000048000.048","No"
"0x796aff596449cd13fcce71f22cd3b0ef1c2e6520","1646592056.58069","No"
"0x57cf925f10d32e4143b0b0efc1c991390f5b2284","702911961823.852","No"
"0x770516da332112a49dcde7914afb9dd789ee54b1","10912501311.2718","No"
"0x5533acd6cce08ac6d3ea2c3c6e919e5b5f73a8e4","1677740850908.18","No"
"0x11aac60a81e930f589f64833ea09a1c0895bbe39","913903153300.579","No"
"0xfe5497db4e1d06a9f89a4d095e870c93446b0af5","1724957234.02255","No"
"0xfbef4e78bbbf130c33357ca25ae53783f10e4247","8605002210.6073","No"
"0x44214a7797727bf502f31ca49b72e5e8d3c80459","74777.297894163","No"
"0x2a9a5f194de9562a62fd927fe3cf9cc4dc449c13","1280800.8121171","No"
"0xea3002a843dcf0fda83805bb673801ccd2ff887a","228993507999.69","No"
"0x4464fd0797525564237c988ea2cef8115ab8fb45","9040130833.48178","No"
"0xb0a34312757dc687d3501a9cfb318ae54c8455d1","2011.571156908","No"
"0x4ae75a73841ebb96e1a91c0d7ae445cc9b54b4d4","60175657490.4524","No"
"0x8b08222c5193ea22378cb3698050c93d86dcdd11","10711705282.2397","No"
"0x1269ef20a0576e731e4027b49d50a430dd8df7d2","0.001840665","No"
"0x24dbf3a7f258813d13d63c4c09c57b959f96a683","5000001100.06556","No"
"0x039d011c0cbe28cf62079b9325393c2e4ee42639","43866901225.5067","No"
"0x6fb2621c62dc6a4da2b7c329ece327b6d4ab882f","5840227178.86098","No"
"0x40c454a700951be1273b29bc79297351b4cca214","19843.491729586","No"
"0x888d5284029385d264c6f450ae05f2e08cd60dd8","128739.682625161","No"
"0xc750cc7072c98da647767210c60a8edb77b8c735","22487717693.5369","No"
"0xddcff82cc491dbb192a033fc05003407797d2c09","30121570031.5646","No"
"0xc5a2c195e8a7c56914712a25d96637428e0893b4","25940192890.8374","No"
"0x0b7ceea265149b6df792c7750880c45544533b98","9348901139.37407","No"
"0xef6bbc3860b03cc99aa199786d6e56778463562c","13114074579.8606","No"
"0x3529bd5a52081da95694ad1f66694952076985fb","11974714435.2141","No"
"0x090f261ec231105095ba6bc6a84e96ae9cb9eb59","56380270176.2661","No"
"0x7232c100fe623bc028fe50e2a8f99f5d7dfed30d","658.253212736","No"
"0x5616386b98f81dab10626eff78f93aa8ed287411","1996800083.06688","No"
"0x633e821cd62aaadda29a89d157eb2c13c23ecde8","12139394650.1216","No"
"0xf73351555ad6ca64395e9cf8af3ece6402a6499f","134633194601.822","No"
"0x3b6ea3c8479cd08ae463c315b941241dde15ca1d","10723858362.8654","No"
"0x9aa5117a6634edb6c8ceac737dcc6f99a2882d9c","24010402.508039","No"
"0x38c4de59a6e6b4138547382749957a1b2b0721db","98899470255.0315","No"
"0xd72b8ca70c1afb985656291059912bcefcd583c2","30425641453.3461","No"
"0x889ce43c18ef7586d1b95525e2cba2ec06c61a4d","52320032525.2983","No"
"0x1026e3356d0992cf4130973c761245f4e4535288","22274810514.5254","No"
"0xc7e9bf6c2f64573fe7c86735b54c49a1d3c3aab8","1211179901.86113","No"
"0xaa68dac425e55c92bf07cdc6e6f9c44c25824980","960000019.2","No"
"0xbdbee370f1102734009d944f1d938a2d0afb5f88","48599644098.5975","No"
"0xd0638786ca15ab9177fd2e7572ca48ad0e403092","48524680107.4764","No"
"0x8b49ffc2fd31fcf398674ee711096a0bea876f1a","1.281744482","No"
"0x3d16010b4e49da68a251c02b53c12992528347a9","313490.961019838","No"
"0x399f8716b89b5e45691d0a60993f6ce9ff83677a","1346332837.76275","No"
"0xdca984b6989f972eeefda88c24733efe9aedf3e4","6656.738825971","No"
"0xe66e3cab30f73042d72fda4cc152ce72fb5d25c6","5289063633.38244","No"
"0x28b653d52289ddaab2bc1280e343f4615d7fca39","70828719032.8831","No"
"0x4b4a994755abc07904bee43469eb14d2dd4db787","4809126303.25796","No"
"0xfe8cb7e6427e48c4bfcb2c1eef46a7ac73b1402a","74354883205.5883","No"
"0xb2524446f246559770253ec6bdb0303d51412071","20000004421.4137","No"
"0x37fab1054d8b1036fcf68a64081d5e4ab8d940e7","116249083111.062","No"
"0x1f55ba1b49015f84c234252e662fb843f8196516","2084518191.5141","No"
"0x2d22ba8581069a346ed85b63a8aef7f54b6a94b9","30313127414.4146","No"
"0xd16f5e708ad39dccac5186848346d0fafa527a77","76607895604.8329","No"
"0xe7d1958dcf740d0e950f16e2709ef0a8b43aa735","41806244789.274","No"
"0xae311850114845f34a0ecba0435b16d12a53daaa","2400000287.09632","No"
"0x5b0e186263d6455b9580ca3523576708e58f19e9","3341926183.66763","No"
"0x20de2aa980e6f4b8964139a5bf3b3cf0e049bb04","154226.481235055","No"
"0xde5270e9cd5a11a2161b629bd922d72c600eb8bc","21527716811.4394","No"
"0x77d969248081d9f567a33838d482926d41606ac7","5855.072539684","No"
"0x4e7d89bac4ac97a71a52f4fdb7f3b197bc3e7262","188415596882.719","No"
"0x5e974aafab8c391286fcef3bd16028b95b7c5929","20871753075.6226","No"
"0xa0feb816f18191747de1353a07d567e180585059","30533955313.2791","No"
"0xe5e29d6e444248820ea63e7bf60c8d542c7924de","12603334533.2255","No"
"0xd56e7428d0c2c0bccc9b6ddad31bfa2bf55462d8","355156603.120149","No"
"0xd17af4191dff3ba5ae77dc84ac4188424fc39360","6681.796720629","No"
"0x921e7fbde7898037c85186bb29e25bfa0a1e2dc3","200424687347.702","No"
"0xb925a995dfc0824a88c4f576f47e8201e91ea499","169041.54416195","No"
"0x46e3d8c5fcc88667ff269147a531cf8d14ed1f5a","326068977338.873","No"
"0x7d4d0af779338ae99bf07fac768946e6d60f9945","9134345855.90898","No"
"0x2ac55f4d533296b947cfb37eabcc101a62fae597","58164.244383247","No"
"0x827fcb2365ceb0b5d996462bc098c7f0bdaa3292","30065285357.2077","No"
"0x73e3687313f72bafb9b9a6252614696cc4cad786","760673.845176957","No"
"0x2954ceb70894263c9d9c76c63679229ada63f89b","44221445104.088","No"
"0x5847de93a53be9a0f8969f00e884ac776186a523","17364584022.2918","No"
"0x0cfd3a1c22ef23475e012cf248e982c6456cf3a8","128876220211.288","No"
"0x5458322f0d6ebe10e5b6a9c0db6bba43e13db2ad","8573683658.51439","No"
"0x6d05d73459a9ecb113d83edaa9a419f0d1917ab0","37298786836.0738","No"
"0x1650d913e00f2b2e6a656cd67977cd63ddc9c8c1","49361215151.2466","No"
"0xab177b153b254448b738b077bc830010ff2b870a","3376220075.2112","No"
"0x86f78eeeb1fe18c7568ef34a86e53d3191aab838","28645474012.6489","No"
"0x7b898f9da9d639ace5e980a6f5803326e8696b4d","2302466148.38785","No"
"0x88e13bd855fb2732c5eaab16aa9e03ea52a669e4","99345204990.1702","No"
"0x5b7f0b2b3d40c2bbd5a4b8fd6c4be520a49ef46f","851.250724193","No"
"0xf231ece9a92249c099bfa676bedccab0f470b607","248078337.15577","No"
"0x311143bfc582d7c5540e2710c3cdb62c3bc23e38","992036135.922984","No"
"0x64658451e786839102c75d64a59e2ba84bd2f101","29726233378.1696","No"
"0xb98b1f039f472e3676986dd54a0bde305d385239","2640000145.20001","No"
"0x71e3fd0a72db3a96a6ed1ff90740696b5d10a8a4","84143.759591107","No"
"0x26c8ed2a8970cf4207e6f687665464712a348a02","21356077502.7014","No"
"0x37ea505363d32ae1b6d943ad50c1b4e0907a7fb6","5280000580.80006","No"
"0xee965e22492ddafa0a33855cc2f6f59fd00aec1e","4286.866134102","No"
"0x27b5d170c59fc2854d3089f04adff51293eec15d","2904202204.98111","No"
"0xf010be2ab78344ce78fd13effcbb745d828cf8ed","227742.743749268","No"
"0x1626cb6dbfb3f721ff09cc277a11ebe620111879","222009651619.13","No"
"0x641d61674e5208a5c61b30ef13ae81fa186d6e5a","28688937112.6723","No"
"0x9281de21c4e35ae8363ab4a984fa8d73f9b1096c","19161955743.9715","No"
"0xc2eaaae244add504a68ff612732fc35807e68a86","56275862558.0594","No"
"0x8c4cda6905368b09bf246335f4d3841dc5d851cb","48000000.048","No"
"0xe55fdff2413da2d47a1a9d5b1433e51fc00cc98e","5583199457.46117","No"
"0xeb015dda36b341a8520409a212841194353766dd","13937644110.2495","No"
"0xcbf7d47fb672c7021bb7e13d2d9fe1c41a40da02","28439994348.2467","No"
"0x5079998b4e1ca0dd12bda95324b5e929f4db1027","19201042279.9346","No"
"0x37bd65d982962150b12ea243b6086a8c80143ef6","17228773397.3958","No"
"0x8ade908d42969d63559ab7afa771246bfd500a21","27592813277.0337","No"
"0x41bb58a28b2821eef0a39569efef4fb2c1802299","27862247589.4778","No"
"0x088e172cfcdd848d987ffbdfe792b6b9f778c0eb","17213467036.575","No"
"0xeb1083b178c6fde0a9acfdf4473d8ca8829ed2d6","43249283012.1102","No"
"0x24c9343d137c4b29bbd7e1f737dee64b438b6590","3017218213.19591","No"
"0x0a47df2f4af4b43787861f11731b7f2d295f33b3","39510876332.1566","No"
"0x98679ade35126a4f32fd713c87d71ca07484995b","7134903857.00288","No"
"0x0889ce1a9071ed41f6ab71ab6303f586cb67afa1","142576458.659841","No"
"0x6c1fc969375fbd55e16200381e3cb49b69ddd954","70617292110.2528","No"
"0x05d5c14d8f0d20ae7feaa087f5857d9d6eb6c579","27344348859.9259","No"
"0xfdcba8188d0232b5ebcc93d4b416757707503054","25532100341.0193","No"
"0xd8f027fb027a99b2cfe53f008594c1c41f73e99f","21504786397.8494","No"
"0x7b0d3e8108c165a7eb4676c53fafd0dfbe07029a","24672083499.8402","No"
"0x37c003cf0774b1597a14a2b6d428d9d33fb7ebe0","1445518970931.63","No"
"0x16f99d8dd3b153fdeb49601229ef61981aa2ded0","2982578547.78332","No"
"0x2e177a4acd44ad5a25ab3f177bba9d3d1e9f5e48","1500158373.16375","No"
"0xe0c137556d4ed2a61bf136f89c5d858cd72d29bf","11644083998.5967","No"
"0x519fe9ffa9f6ba4724c8fcbaa0ff03d1d8b6a5ac","107197.26403009","No"
"0xd920838872c3c93f23ffb2238d3e0dc753ed92e4","9348217032.73558","No"
"0xcd3e393f64cd5618c9e5c2f2088a7c598746f987","659077153.375093","No"
"0xa63db70c3aca82ac974a37bb7209cf122757cf14","6588732378.62414","No"
"0x3c0cbfe7fdfd969934410660de50de16ff0de98f","63593761553.1976","No"
"0xccfbd3b69769e3993c0a68f49a69ee9c3e53d3df","127319510850.655","No"
"0x427e1e14005fbb2c73e2742645a4e426e5f05d21","1503.517371742","No"
"0x6cb1782292d1743f5795bebc1440ef73ddcba64d","44917933973.9961","No"
"0x293246c587b52988e2e3c9d7b32948c2e09710f0","113.760345632","No"
"0x951e70eb7f0d2de028f715a7e85f97886ad621d1","431505796511.209","No"
"0xbf7c91f1b7500cdffb8e299c81b4d4d7eb47c132","3841667019.34108","No"
"0x182ad4281d7c73abb6f8c39094f46a70515b82c7","8776894739.13348","No"
"0xed237332bef22b56b130df50d6b2f979e55573b0","5686.768762675","No"
"0x9eb52933bc4f51c45ab8000ba13b0326316234dc","7671959957.91221","No"
"0x69a11dcfc5748cd49f54ee549efbe399652de0b2","11609795771.5174","No"
"0xeb981011f7b4f2b48627de0cdd7009cadfaa9d7d","10438327331.7256","No"
"0x713dabc9d5f847f5cc727a4caf7681e3c39accbe","24552616946.8633","No"
"0xf674255588b5a7c1fa4533f62543efa795b7f0db","23148584573.5476","No"
"0x2e34041260c12ec98d1d3e2ccacea44b28ade8eb","11670000401.7148","No"
"0xdfe75bdb57518c8d2fd1ac756f89cec9d73dd7be","9955969227.92478","No"
"0xd940ae3f6003cf36c2b23d02d97833731ed211bd","19850984210.5727","No"
"0x21182fae6ca02545b9a905ce2964fb7f34171a7c","38645585.1449264","No"
"0x20f7a9292f2bbf358431dc1871099803b872a6b3","36.075611019","No"
"0xda3bfef5e8aa99d695fc3877bf9132dd94790425","11356835093.3944","No"
"0x9b0dfc8db340a1520b5f74fdc6df4f9ef338c072","11424667269.3198","No"
"0xbaacdf8a386563203a69bc93b6208c4907089105","225178911354.564","No"
"0x16d9c4294782ad037c839f118bca08914ac188c3","960000019.2","No"
"0x6ffbad94d35b2fc53543a8377f6b5ee67baa1680","96033873609.7058","No"
"0x982b247a52d309783dffdb6d700544da07af77a7","11798176606.4925","No"
"0xcb723b1a36f4893a8972e7d5473ef3870972f708","3980673157.11476","No"
"0x7caaae5e117b67662b8d316b078006eb1591699f","136490553.099283","No"
"0x97e75b5d273928f4df87b643e7185124cccc8db4","13440003763.2011","No"
"0x22fc1aae398adccf91dcb208718dc0097ca3a405","37514928186.5186","No"
"0xe71fa6c10f4e83888899a5e80a8de1eeee17f5fe","141471569592.399","No"
"0x9acf12086bb50a8dfcb6ddd93a767cf269719334","2153994019.02716","No"
"0xb81190de897cc102e51b390f72817ef887c7cb5a","29353203030.0981","No"
"0x0ea44637d6b57d922a9c257069af30f17f6887cf","28266508882.5936","No"
"0x79586b7be9a2565dc67f6802a2cda2fc851ba800","881005669.519392","No"
"0xabd1f9f8325f797f0b773903ef25bee7e4b3ef48","2267856108.1094","No"
"0x6ba34fe8173b5b55d0a17de7c8a51d39aff076c1","11372477801.5695","No"
"0x10250bb979b3c2e637a3fa99c47cfa2d01fcfba3","4302664535.3103","No"
"0x4d525b0f923813c162fdb5faf81467eaa6ce5062","1151618412.42259","No"
"0x6c4e1773be1fb667bb4519516ff2e58a75469581","5218452856.77001","No"
"0xd6adcd5d3cf354e67bac7efe75ec887dc45dd977","26251214465.8269","No"
"0x9c4edfec72175e0f4edd17d9e5b24af06b66e090","2300035834.03193","No"
"0x502a95858853b15be7e3a85cd135b7490a217ae6","2299557285.83926","No"
"0x2d61599eeb97bb829b6c6908b2dcc61e9be6a3d8","1200414906.97473","No"
"0xbe73db85baa8b82bc18d410f53b30db9e401b80e","6496260267.25979","No"
"0x57ba6d0cb4f671ad7558452faf2c957373a9c2d6","192000079.158055","No"
"0x40010b2ebf07f7f199504d5378efc9a81118a7dd","19597513791.1708","No"
"0x2fb5b2bab75bd6be30b4991bb9f48e1b6d997357","799194312.359963","No"
"0x6bb296cc688e766668e2ba113a32eb8ff08d21e5","4800000768.03149","No"
"0xcecf8cccdd226ff5faa3e36f9d06d28b0af3ca2e","1920096134.11898","No"
"0x58d45e7ecb91fdc9cfa0796677447a51cfaf1e56","3844029771.90402","No"
"0x3ab336c2a009f6ce32f13ea4d3eee5aa9d0262ea","13912395.198717","No"
"0x8b02a878e3240a581730649b10d65b9889032377","32285315657.2994","No"
"0x0c002a93d779f2c91f528b84e6e7ecfeb17a9077","14017258940.1683","No"
"0x77d8c04394390465fb4ffb5a05d59b95320e0239","12100870747.7898","No"
"0xc6e6bb2be6376665f47e10d7c1bbe49b8e46dd81","12089789150.4662","No"
"0x91f3e09a8cba848fd247cfeac1bf7dc37de1b7cc","25269400349.4281","No"
"0x0e728ac923d5fa4d0b5a13e5bc1e2b7585ac9d6b","2000000060.22012","No"
"0xd82e78101fc48ac392c504ef83eac1956d92e07d","1445282868.88476","No"
"0x38484b9589241f661af373e609243c010186624f","139286645381.772","No"
"0x1a180aec6c04c9622897d47b8e4d6d29f8492b5d","10551326576.1525","No"
"0x0310a900c85fbae47fe1f2e3d792ee94d78d85ce","278781.837317871","No"
"0x80ea4bd38b7a9a5b617c0b6272b423b8cf13ccfa","6928196200.95783","No"
"0x521bd2138da8e11893d42ad1fb5f40909a590e52","2715849753.66332","No"
"0xc221bbfdc3656d12304ae02bae3037700d5bbc61","1701964371.86875","No"
"0x728c779735efba9ba9ce1c77e70284902a4d764d","5878358565.99108","No"
"0x4264cc35a026366b80a5af3efea6e6309657dd24","28048022799.1506","No"
"0x441b30874e6b62ee91e49bb049481aa367e354a9","22690473570.5378","No"
"0x5710b77a0a48946788c6a16fca46e374eb48ec97","8173233956.63853","No"
"0x2b127dab7233ecd0a47aa7485edb417bc779b56d","10892304930.1846","No"
"0xaf24903cca7b9006bf40bec787e2b3f24847dfe5","46195147526.9652","No"
"0x6fa7483685c0d37a0f4e5e145db4d9df87d6a4fc","1346205021.07906","No"
"0x9417b7f1c3a5174f1750457ba25229c6b1b43a11","4320000388.80003","No"
"0x5d87b4a456491ee110c6324d128104cc09b39944","2351677151.24329","No"
"0xc3ef6d4470203ddf279dcb8e926eacb5aca48765","102055942975.795","No"
"0x40c3c8a305dab35d4230754e06be676fd2a3507b","6704469981.57719","No"
"0xc2bbd263e98fce08582039829c131b3958b3dbd2","23085904190.8228","No"
"0x468126fe725da63e5d0f7f58927bea9f871ceae9","1080549571.67821","No"
"0x9b664493df61f420b36524bc0d388cb19418f73a","7586959079.82051","No"
"0x87ba62f56dda8db8b2091f80d6ed76d073a484cb","4615327761.18675","No"
"0xc961fb12d24ecad5d4c822ed13036fa1f91ffe5e","232216185.9373","No"
"0x8c30cda192399c676d7c9b1dfa0bd49bc621b005","24131834789.8219","No"
"0x15262acd44a7e60eebd025fe8874ffc2d4ea4efd","788390553.414413","No"
"0x7bd9659e9b0df48b511c87f1b3917741048cbca0","120046.723777797","No"
"0x15fcd3494635d09d2e71f7eace807943858e61b9","27771368572.1948","No"
"0x682dd7b87c64e427bf62218bdf89da8e38bdd049","28678515673.9191","No"
"0x9f0bdeef2cd18bb7632d5b5219d93f35d625677d","16402428072.0777","No"
"0x00e1603969d87969d7d72ade61134b3125160aba","32539870262.2579","No"
"0xf79600effa5fe6fca68cc4d037f95630c18a6de1","158996279272.695","No"
"0xf0dd5bae047b90cc2313bcb1825f3fac0c1886fd","32170688154.5734","No"
"0x6bc3de332041ff360b481355320b449df8e44228","1153695435365.73","No"
"0x008dacb92bc0b66687cb8cfdc99999e1acd2c493","1080722706.86756","No"
"0x66d4664c739849af8052fe29caa33156f846ddf4","12281157195.2687","No"
"0xe6fd7e35d4e3baa664a0d6e6c46299068e0cbfee","976162139.312507","No"
"0x3ec80ad1b9ec19c5164ed87ed9ab26839dbd92b9","78083197078.8891","No"
"0xddae8986684f3d19b69e9e3c274669a383b85a77","315809601302.471","No"
"0xa8c0b9729c114cb7e09e545ee51ad432ad2454ea","114354936487.972","No"
"0x27025d17e2508424870946a5a32efc3178adb721","27889702149.0513","No"
"0xc8aca1e01a45bedce037b611e4304a6cadbd50e3","214397791073.571","No"
"0xdbf47d52e66595d770bbb09d2582ffd6227e337d","12582061200.1506","No"
"0x8d2d444ddfd355fcfa92769c10dcbce0e07430ba","960000020.16","No"
"0x1ece6f7f60e757991d01cb2b6c14bafb3610602f","1274210442.26614","No"
"0x60e6dc0b31fcc8b24c1f51edfb27b5a7fef7191c","8613791607.18347","No"
"0x63beda0cc0c419554b6a1f8c3009b01238777ad4","40858678917.1517","No"
"0xaf2d9026bf7166d287f68a15d809dff5b1744e96","12113319852.4767","No"
"0x4d47ab87f913b2cbf4ca02b9665af1b904902a7a","101647268134.269","No"
"0x097b0e369cbcfd2d9084d08551698b78954f0aa6","6182439197.26311","No"
"0x03a4a9cb5b99053bef1c3716c10e9b8ca65318d1","2936783029.17131","No"
"0x40ea99fc1e1a82eee32735bcacd3c26d8d8d9069","1024794919.73774","No"
"0x498247f05666a0f48a6f22ba1cc593dbeeb14766","5175866763.09301","No"
"0x21a1b92916256cebfa57ff0307a58adf04effa6f","545649607.162781","No"
"0xf4711f887c497d966f8f8fae152f94f6f736612c","102950097716.559","No"
"0x8ca7e7f308a813869d458605f19770405ad17a9f","17955042527.9247","No"
"0xb1c156654a03310261b9f187dc124cd1617d2525","16337967531.2087","No"
"0xb9addd07d0ffe9751b3842207f0ad59beffb43df","71012971923.492","No"
"0x6565178957719b4656518033a905bf73f2681ea5","9605314460.63735","No"
